Date,CLOSE
2006-01-03,1268.8004
2006-01-04,1273.4593
2006-01-05,1273.483
2006-01-06,1285.4538
2006-01-09,1290.1537
2006-01-10,1289.6871
2006-01-11,1294.1786
2006-01-12,1286.0561
2006-01-13,1287.6053
2006-01-17,1282.9343
2006-01-18,1277.9332
2006-01-19,1285.0441
2006-01-20,1261.4854
2006-01-23,1263.8248
2006-01-24,1266.8629
2006-01-25,1264.6827
2006-01-26,1273.8252
2006-01-27,1283.7223
2006-01-30,1285.1955
2006-01-31,1280.0849
2006-02-01,1282.4585
2006-02-02,1270.8368
2006-02-03,1264.03
2006-02-06,1265.023
2006-02-07,1254.7813
2006-02-08,1265.6501
2006-02-09,1263.7751
2006-02-10,1266.9901
2006-02-13,1262.8555
2006-02-14,1275.5301
2006-02-15,1280.0016
2006-02-16,1289.3813
2006-02-17,1287.2426
2006-02-21,1283.0256
2006-02-22,1292.671
2006-02-23,1287.7893
2006-02-24,1289.4308
2006-02-27,1294.1217
2006-02-28,1280.6643
2006-03-01,1291.2424
2006-03-02,1289.1408
2006-03-03,1287.2312
2006-03-06,1278.258
2006-03-07,1275.8778
2006-03-08,1278.4748
2006-03-09,1272.2331
2006-03-10,1281.5767
2006-03-13,1284.1332
2006-03-14,1297.4785
2006-03-15,1303.0232
2006-03-16,1305.3322
2006-03-17,1307.2506
2006-03-20,1305.0841
2006-03-21,1297.2332
2006-03-22,1305.0413
2006-03-23,1301.6735
2006-03-24,1302.9535
2006-03-27,1301.6051
2006-03-28,1293.2254
2006-03-29,1302.8929
2006-03-30,1300.2474
2006-03-31,1294.8278
2006-04-03,1297.8128
2006-04-04,1305.935
2006-04-05,1311.5584
2006-04-06,1309.0417
2006-04-07,1295.4988
2006-04-10,1296.6047
2006-04-11,1286.5747
2006-04-12,1288.1249
2006-04-13,1289.118
2006-04-17,1285.3307
2006-04-18,1307.6451
2006-04-19,1309.9306
2006-04-20,1311.4564
2006-04-21,1311.2836
2006-04-24,1308.113
2006-04-25,1301.7414
2006-04-26,1305.4063
2006-04-27,1309.7173
2006-04-28,1310.612
2006-05-01,1305.1933
2006-05-02,1313.2109
2006-05-03,1307.8495
2006-05-04,1312.2525
2006-05-05,1325.7608
2006-05-08,1324.6628
2006-05-09,1325.14
2006-05-10,1322.852
2006-05-11,1305.9243
2006-05-12,1291.2392
2006-05-15,1294.5038
2006-05-16,1292.0814
2006-05-17,1270.3215
2006-05-18,1261.8126
2006-05-19,1267.0304
2006-05-22,1262.0715
2006-05-23,1256.5809
2006-05-24,1258.5654
2006-05-25,1272.8806
2006-05-26,1280.1609
2006-05-30,1259.8415
2006-05-31,1270.0899
2006-06-01,1285.7138
2006-06-02,1288.2182
2006-06-05,1265.2859
2006-06-06,1263.8489
2006-06-07,1256.1532
2006-06-08,1257.9277
2006-06-09,1252.2982
2006-06-12,1236.4041
2006-06-13,1223.6928
2006-06-14,1230.0431
2006-06-15,1256.1635
2006-06-16,1251.5443
2006-06-19,1240.1377
2006-06-20,1240.124
2006-06-21,1252.2047
2006-06-22,1245.5972
2006-06-23,1244.5044
2006-06-26,1250.5612
2006-06-27,1239.2018
2006-06-28,1246.0032
2006-06-29,1272.8673
2006-06-30,1270.2044
2006-07-03,1280.1889
2006-07-05,1270.9053
2006-07-06,1274.0819
2006-07-07,1265.4765
2006-07-10,1267.3375
2006-07-11,1272.5229
2006-07-12,1258.6016
2006-07-13,1242.2889
2006-07-14,1236.1991
2006-07-17,1234.49
2006-07-18,1236.8639
2006-07-19,1259.8124
2006-07-20,1249.1336
2006-07-21,1240.2911
2006-07-24,1260.9098
2006-07-25,1268.8797
2006-07-26,1268.3999
2006-07-27,1263.197
2006-07-28,1278.5453
2006-07-31,1276.6604
2006-08-01,1270.9175
2006-08-02,1278.5491
2006-08-03,1280.269
2006-08-04,1279.3625
2006-08-07,1275.7656
2006-08-08,1271.479
2006-08-09,1265.9495
2006-08-10,1271.8082
2006-08-11,1266.7431
2006-08-14,1268.2139
2006-08-15,1285.5777
2006-08-16,1295.4262
2006-08-17,1297.4777
2006-08-18,1302.304
2006-08-21,1297.5234
2006-08-22,1298.822
2006-08-23,1292.9931
2006-08-24,1296.0637
2006-08-25,1295.0877
2006-08-28,1301.7845
2006-08-29,1304.2807
2006-08-30,1304.2662
2006-08-31,1303.8185
2006-09-01,1311.011
2006-09-05,1313.2481
2006-09-06,1300.2594
2006-09-07,1294.0153
2006-09-08,1298.9186
2006-09-11,1299.5417
2006-09-12,1313.114
2006-09-13,1318.0674
2006-09-14,1316.2835
2006-09-15,1319.8655
2006-09-18,1321.183
2006-09-19,1318.3094
2006-09-20,1325.1751
2006-09-21,1318.0331
2006-09-22,1314.7773
2006-09-25,1326.372
2006-09-26,1336.3428
2006-09-27,1336.5907
2006-09-28,1339.1461
2006-09-29,1335.847
2006-10-02,1331.3234
2006-10-03,1334.1142
2006-10-04,1350.2175
2006-10-05,1353.2176
2006-10-06,1349.5835
2006-10-09,1350.6617
2006-10-10,1353.4206
2006-10-11,1349.9535
2006-10-12,1362.8274
2006-10-13,1365.6153
2006-10-16,1369.0547
2006-10-17,1364.0485
2006-10-18,1365.9619
2006-10-19,1366.962
2006-10-20,1368.5982
2006-10-23,1377.023
2006-10-24,1377.375
2006-10-25,1382.2247
2006-10-26,1389.0848
2006-10-27,1377.3396
2006-10-30,1377.9288
2006-10-31,1377.9426
2006-11-01,1367.8067
2006-11-02,1367.3421
2006-11-03,1364.2969
2006-11-06,1379.7831
2006-11-07,1382.8431
2006-11-08,1385.717
2006-11-09,1378.3341
2006-11-10,1380.8972
2006-11-13,1384.4197
2006-11-14,1393.2196
2006-11-15,1396.5709
2006-11-16,1399.7625
2006-11-17,1401.2039
2006-11-20,1400.4998
2006-11-21,1402.8141
2006-11-22,1406.0911
2006-11-24,1400.9473
2006-11-27,1381.9042
2006-11-28,1386.7244
2006-11-29,1399.4842
2006-11-30,1400.6344
2006-12-01,1396.713
2006-12-04,1409.1187
2006-12-05,1414.758
2006-12-06,1412.8997
2006-12-07,1407.2903
2006-12-08,1409.8427
2006-12-11,1413.0382
2006-12-12,1411.56
2006-12-13,1413.2143
2006-12-14,1425.4857
2006-12-15,1427.0858
2006-12-18,1422.4766
2006-12-19,1425.5514
2006-12-20,1423.5262
2006-12-21,1418.3042
2006-12-22,1410.7648
2006-12-26,1416.904
2006-12-27,1426.8358
2006-12-28,1424.7255
2006-12-29,1418.3005
2007-01-03,1416.602
2007-01-04,1418.3412
2007-01-05,1409.7071
2007-01-08,1412.8428
2007-01-09,1412.1136
2007-01-10,1414.8499
2007-01-11,1423.825
2007-01-12,1430.7326
2007-01-16,1431.9028
2007-01-17,1430.6187
2007-01-18,1426.3686
2007-01-19,1430.5036
2007-01-22,1422.955
2007-01-23,1427.9887
2007-01-24,1440.1313
2007-01-25,1423.9036
2007-01-26,1422.1824
2007-01-29,1420.6209
2007-01-30,1428.8188
2007-01-31,1438.2429
2007-02-01,1445.9445
2007-02-02,1448.3902
2007-02-05,1446.9874
2007-02-06,1447.997
2007-02-07,1450.0158
2007-02-08,1448.3069
2007-02-09,1438.061
2007-02-12,1433.3719
2007-02-13,1444.2629
2007-02-14,1455.3011
2007-02-15,1456.8125
2007-02-16,1455.538
2007-02-20,1459.6842
2007-02-21,1457.6277
2007-02-22,1456.3814
2007-02-23,1451.194
2007-02-26,1449.3748
2007-02-27,1399.0423
2007-02-28,1406.819
2007-03-01,1403.1669
2007-03-02,1387.1657
2007-03-05,1374.1224
2007-03-06,1395.4081
2007-03-07,1391.9671
2007-03-08,1401.8919
2007-03-09,1402.8464
2007-03-12,1406.6015
2007-03-13,1377.95
2007-03-14,1387.1715
2007-03-15,1392.2792
2007-03-16,1386.9451
2007-03-19,1402.0584
2007-03-20,1410.9363
2007-03-21,1435.0425
2007-03-22,1434.5365
2007-03-23,1436.1126
2007-03-26,1437.4962
2007-03-27,1428.6093
2007-03-28,1417.228
2007-03-29,1422.5319
2007-03-30,1420.8638
2007-04-02,1424.5541
2007-04-03,1437.7742
2007-04-04,1439.3662
2007-04-05,1443.7556
2007-04-09,1444.6085
2007-04-10,1448.3867
2007-04-11,1438.8714
2007-04-12,1447.8023
2007-04-13,1452.8458
2007-04-16,1468.4736
2007-04-17,1471.481
2007-04-18,1472.5035
2007-04-19,1470.734
2007-04-20,1484.3504
2007-04-23,1480.9314
2007-04-24,1480.4101
2007-04-25,1495.4177
2007-04-26,1494.2504
2007-04-27,1494.0676
2007-04-30,1482.3673
2007-05-01,1486.3035
2007-05-02,1495.9184
2007-05-03,1502.3907
2007-05-04,1505.6169
2007-05-07,1509.4838
2007-05-08,1507.7186
2007-05-09,1512.5796
2007-05-10,1491.4694
2007-05-11,1505.8456
2007-05-14,1503.1463
2007-05-15,1501.1868
2007-05-16,1514.143
2007-05-17,1512.7488
2007-05-18,1522.748
2007-05-21,1525.1013
2007-05-22,1524.118
2007-05-23,1522.2754
2007-05-24,1507.5115
2007-05-25,1515.7337
2007-05-29,1518.1131
2007-05-30,1530.2308
2007-05-31,1530.6212
2007-06-01,1536.3358
2007-06-04,1539.1818
2007-06-05,1530.9461
2007-06-06,1517.3786
2007-06-07,1490.7188
2007-06-08,1507.6728
2007-06-11,1509.1208
2007-06-12,1492.9961
2007-06-13,1515.6733
2007-06-14,1522.9742
2007-06-15,1532.9081
2007-06-18,1531.0455
2007-06-19,1533.7046
2007-06-20,1512.8383
2007-06-21,1522.1857
2007-06-22,1502.5604
2007-06-25,1497.7407
2007-06-26,1492.893
2007-06-27,1506.3446
2007-06-28,1505.7118
2007-06-29,1503.3486
2007-07-02,1519.4309
2007-07-03,1524.8711
2007-07-05,1525.4031
2007-07-06,1530.4407
2007-07-09,1531.8544
2007-07-10,1510.1162
2007-07-11,1518.7556
2007-07-12,1547.7005
2007-07-13,1552.4978
2007-07-16,1549.5233
2007-07-17,1549.3681
2007-07-18,1546.1727
2007-07-19,1553.077
2007-07-20,1534.0953
2007-07-23,1541.5657
2007-07-24,1511.0376
2007-07-25,1518.0913
2007-07-26,1482.6648
2007-07-27,1458.9519
2007-07-30,1473.9105
2007-07-31,1455.2748
2007-08-01,1465.8082
2007-08-02,1472.1971
2007-08-03,1433.0579
2007-08-06,1467.6728
2007-08-07,1476.7103
2007-08-08,1497.4855
2007-08-09,1453.0937
2007-08-10,1453.6394
2007-08-13,1452.9168
2007-08-14,1426.541
2007-08-15,1406.6955
2007-08-16,1411.2663
2007-08-17,1445.9432
2007-08-20,1445.5515
2007-08-21,1447.1169
2007-08-22,1464.0665
2007-08-23,1462.503
2007-08-24,1479.3661
2007-08-27,1466.788
2007-08-28,1432.3566
2007-08-29,1463.7564
2007-08-30,1457.6393
2007-08-31,1473.9879
2007-09-04,1489.4176
2007-09-05,1472.2887
2007-09-06,1478.5465
2007-09-07,1453.5526
2007-09-10,1451.6966
2007-09-11,1471.4871
2007-09-12,1471.5556
2007-09-13,1483.9493
2007-09-14,1484.2543
2007-09-17,1476.6524
2007-09-18,1519.7789
2007-09-19,1529.0281
2007-09-20,1518.7464
2007-09-21,1525.749
2007-09-24,1517.7347
2007-09-25,1517.2146
2007-09-26,1525.4234
2007-09-27,1531.3766
2007-09-28,1526.7467
2007-10-01,1547.0351
2007-10-02,1546.6342
2007-10-03,1539.595
2007-10-04,1542.8379
2007-10-05,1557.5931
2007-10-08,1552.5829
2007-10-09,1565.153
2007-10-10,1562.4743
2007-10-11,1554.406
2007-10-12,1561.8006
2007-10-15,1548.7076
2007-10-16,1538.5309
2007-10-17,1541.2419
2007-10-18,1540.0776
2007-10-19,1500.631
2007-10-22,1506.3306
2007-10-23,1519.5909
2007-10-24,1515.8824
2007-10-25,1514.4045
2007-10-26,1535.2775
2007-10-29,1540.9801
2007-10-30,1531.0181
2007-10-31,1549.3773
2007-11-01,1508.4424
2007-11-02,1509.6517
2007-11-05,1502.1679
2007-11-06,1520.2686
2007-11-07,1475.6201
2007-11-08,1474.7714
2007-11-09,1453.6962
2007-11-12,1439.1816
2007-11-13,1481.0473
2007-11-14,1470.5814
2007-11-15,1451.1514
2007-11-16,1458.7393
2007-11-19,1433.2696
2007-11-20,1439.7035
2007-11-21,1416.7669
2007-11-23,1440.7007
2007-11-26,1407.2152
2007-11-27,1428.2266
2007-11-28,1469.0216
2007-11-29,1469.7169
2007-11-30,1481.1432
2007-12-03,1472.4158
2007-12-04,1462.7902
2007-12-05,1485.0068
2007-12-06,1507.3446
2007-12-07,1504.6596
2007-12-10,1515.9589
2007-12-11,1477.6471
2007-12-12,1486.59
2007-12-13,1488.4123
2007-12-14,1467.952
2007-12-17,1445.9026
2007-12-18,1454.9776
2007-12-19,1453.0016
2007-12-20,1460.1167
2007-12-21,1484.4626
2007-12-24,1496.454
2007-12-26,1497.6601
2007-12-27,1476.3665
2007-12-28,1478.4877
2007-12-31,1468.3552
2008-01-02,1447.1588
2008-01-03,1447.1639
2008-01-04,1411.6297
2008-01-07,1416.1821
2008-01-08,1390.1872
2008-01-09,1409.1285
2008-01-10,1420.3313
2008-01-11,1401.0162
2008-01-14,1416.2536
2008-01-15,1380.948
2008-01-16,1373.2009
2008-01-17,1333.2512
2008-01-18,1325.1893
2008-01-22,1310.5028
2008-01-23,1338.5984
2008-01-24,1352.0702
2008-01-25,1330.6052
2008-01-28,1353.9701
2008-01-29,1362.2965
2008-01-30,1355.8142
2008-01-31,1378.5473
2008-02-01,1395.4152
2008-02-04,1380.8211
2008-02-05,1336.6415
2008-02-06,1326.4517
2008-02-07,1336.9076
2008-02-08,1331.2939
2008-02-11,1339.1271
2008-02-12,1348.8615
2008-02-13,1367.2109
2008-02-14,1348.8625
2008-02-15,1349.9947
2008-02-19,1348.7779
2008-02-20,1360.0258
2008-02-21,1342.5277
2008-02-22,1353.1121
2008-02-25,1371.7968
2008-02-26,1381.2882
2008-02-27,1380.0235
2008-02-28,1367.6844
2008-02-29,1330.633
2008-03-03,1331.336
2008-03-04,1326.7536
2008-03-05,1333.7024
2008-03-06,1304.3436
2008-03-07,1293.3721
2008-03-10,1273.3696
2008-03-11,1320.648
2008-03-12,1308.7698
2008-03-13,1315.482
2008-03-14,1288.1398
2008-03-17,1276.5955
2008-03-18,1330.7356
2008-03-19,1298.421
2008-03-20,1329.5085
2008-03-24,1349.8837
2008-03-25,1352.9854
2008-03-26,1341.1275
2008-03-27,1325.7628
2008-03-28,1315.2162
2008-03-31,1322.7034
2008-04-01,1370.1768
2008-04-02,1367.5254
2008-04-03,1369.3063
2008-04-04,1370.4001
2008-04-07,1372.5367
2008-04-08,1365.5366
2008-04-09,1354.4904
2008-04-10,1360.5491
2008-04-11,1332.8271
2008-04-14,1328.3162
2008-04-15,1334.4331
2008-04-16,1364.7063
2008-04-17,1365.5588
2008-04-18,1390.3315
2008-04-21,1388.1666
2008-04-22,1375.9426
2008-04-23,1379.9331
2008-04-24,1388.8192
2008-04-25,1397.8435
2008-04-28,1396.3669
2008-04-29,1390.939
2008-04-30,1385.5865
2008-05-01,1409.3413
2008-05-02,1413.8974
2008-05-05,1407.4936
2008-05-06,1418.2566
2008-05-07,1392.5708
2008-05-08,1397.682
2008-05-09,1388.281
2008-05-12,1403.5826
2008-05-13,1403.0433
2008-05-14,1408.6591
2008-05-15,1423.572
2008-05-16,1425.3465
2008-05-19,1426.633
2008-05-20,1413.398
2008-05-21,1390.7114
2008-05-22,1394.3539
2008-05-23,1375.9319
2008-05-27,1385.3467
2008-05-28,1390.8366
2008-05-29,1398.2633
2008-05-30,1400.3767
2008-06-02,1385.6735
2008-06-03,1377.6534
2008-06-04,1377.1995
2008-06-05,1404.0472
2008-06-06,1360.6783
2008-06-09,1361.7602
2008-06-10,1358.4428
2008-06-11,1335.4874
2008-06-12,1339.8712
2008-06-13,1360.0291
2008-06-16,1360.1419
2008-06-17,1350.9285
2008-06-18,1337.81
2008-06-19,1342.8319
2008-06-20,1317.9259
2008-06-23,1318.002
2008-06-24,1314.2901
2008-06-25,1321.9729
2008-06-26,1283.1511
2008-06-27,1278.3754
2008-06-30,1280.0012
2008-07-01,1284.9144
2008-07-02,1261.5173
2008-07-03,1262.8972
2008-07-07,1252.3068
2008-07-08,1273.704
2008-07-09,1244.6895
2008-07-10,1253.3893
2008-07-11,1239.4896
2008-07-14,1228.2971
2008-07-15,1214.9084
2008-07-16,1245.3628
2008-07-17,1260.3229
2008-07-18,1260.6823
2008-07-21,1260.0034
2008-07-22,1277.0034
2008-07-23,1282.1931
2008-07-24,1252.5434
2008-07-25,1257.764
2008-07-28,1234.3658
2008-07-29,1263.1993
2008-07-30,1284.2601
2008-07-31,1267.3809
2008-08-01,1260.3138
2008-08-04,1249.0147
2008-08-05,1284.8773
2008-08-06,1289.1881
2008-08-07,1266.0686
2008-08-08,1296.3222
2008-08-11,1305.3227
2008-08-12,1289.5875
2008-08-13,1285.8269
2008-08-14,1292.9285
2008-08-15,1298.1996
2008-08-18,1278.6007
2008-08-19,1266.6914
2008-08-20,1274.5431
2008-08-21,1277.7239
2008-08-22,1292.1959
2008-08-25,1266.8368
2008-08-26,1271.5136
2008-08-27,1281.6638
2008-08-28,1300.6761
2008-08-29,1282.828
2008-09-02,1277.5773
2008-09-03,1274.9803
2008-09-04,1236.8277
2008-09-05,1242.3143
2008-09-08,1267.7922
2008-09-09,1224.5079
2008-09-10,1232.0412
2008-09-11,1249.0486
2008-09-12,1251.7009
2008-09-15,1192.7021
2008-09-16,1213.5863
2008-09-17,1156.3861
2008-09-18,1206.5148
2008-09-19,1255.0751
2008-09-22,1207.0934
2008-09-23,1188.2175
2008-09-24,1185.8682
2008-09-25,1209.1795
2008-09-26,1213.0128
2008-09-29,1106.391
2008-09-30,1166.3614
2008-10-01,1161.0648
2008-10-02,1114.2793
2008-10-03,1099.2337
2008-10-06,1056.8874
2008-10-07,996.2322
2008-10-08,984.9415
2008-10-09,909.9166
2008-10-10,899.2163
2008-10-13,1003.3532
2008-10-14,998.012
2008-10-15,907.8399
2008-10-16,946.4268
2008-10-17,940.552
2008-10-20,985.3961
2008-10-21,955.0542
2008-10-22,896.7837
2008-10-23,908.1139
2008-10-24,876.7696
2008-10-27,848.9198
2008-10-28,940.5051
2008-10-29,930.0924
2008-10-30,954.0874
2008-10-31,968.7538
2008-12-01,816.2114
2008-12-02,848.8083
2008-12-03,870.7388
2008-12-04,845.2218
2008-12-05,876.0672
2008-12-08,909.7035
2008-12-09,888.6697
2008-12-10,899.2395
2008-12-11,873.5881
2008-12-12,879.7329
2008-12-15,868.574
2008-12-16,913.1789
2008-12-17,904.4227
2008-12-18,885.2757
2008-12-19,887.8813
2008-12-22,871.6341
2008-12-23,863.156
2008-12-24,868.1527
2008-12-26,872.7975
2008-12-29,869.4206
2008-12-30,890.6356
2008-12-31,903.2549
2009-01-02,931.8008
2009-01-05,927.4501
2009-01-06,934.6967
2009-01-07,906.6462
2009-01-08,909.7315
2009-01-09,890.35
2009-01-12,870.2604
2009-01-13,871.7852
2009-01-14,842.6166
2009-01-15,843.7376
2009-01-16,850.1205
2009-01-20,805.224
2009-01-21,840.2446
2009-01-22,827.4953
2009-01-23,831.9517
2009-01-26,836.5692
2009-01-27,845.706
2009-01-28,874.0937
2009-01-29,845.1433
2009-01-30,825.8817
2009-02-02,825.4372
2009-02-03,838.5056
2009-02-04,832.2272
2009-02-05,845.8514
2009-02-06,868.6033
2009-02-09,869.8851
2009-02-10,827.1607
2009-02-11,833.735
2009-02-12,835.1888
2009-02-13,826.8435
2009-02-17,789.1714
2009-02-18,788.4161
2009-02-19,778.9423
2009-02-20,770.0473
2009-02-23,743.3283
2009-02-24,773.1448
2009-02-25,764.9025
2009-02-26,752.8306
2009-02-27,735.0922
2009-03-02,700.8187
2009-03-03,696.3303
2009-03-04,712.8658
2009-03-05,682.5531
2009-03-06,683.3841
2009-03-09,676.5302
2009-03-10,719.5982
2009-03-11,721.358
2009-03-12,750.7407
2009-03-13,756.5532
2009-03-16,753.8927
2009-03-17,778.1189
2009-03-18,794.3493
2009-03-19,784.0393
2009-03-20,768.5441
2009-03-23,822.9154
2009-03-24,806.1221
2009-03-25,813.8802
2009-03-26,832.8584
2009-03-27,815.9385
2009-03-30,787.5333
2009-03-31,797.8668
2009-04-01,811.0755
2009-04-02,834.3783
2009-04-03,842.5004
2009-04-06,835.4785
2009-04-07,815.553
2009-04-08,825.1567
2009-04-09,856.5597
2009-04-13,858.7316
2009-04-14,841.5048
2009-04-15,852.0616
2009-04-16,865.3016
2009-04-17,869.5955
2009-04-20,832.3916
2009-04-21,850.078
2009-04-22,843.5535
2009-04-23,851.9219
2009-04-24,866.2293
2009-04-27,857.5057
2009-04-28,855.1576
2009-04-29,873.6431
2009-04-30,872.8072
2009-05-01,877.523
2009-05-04,907.2375
2009-05-05,903.8011
2009-05-06,919.5347
2009-05-07,907.3885
2009-05-08,929.2311
2009-05-11,909.2394
2009-05-12,908.3462
2009-05-13,883.916
2009-05-14,893.0655
2009-05-15,882.8753
2009-05-18,909.7077
2009-05-19,908.1297
2009-05-20,903.4724
2009-05-21,888.3311
2009-05-22,887.0015
2009-05-26,910.331
2009-05-27,893.0598
2009-05-28,906.833
2009-05-29,919.1399
2009-06-01,942.8706
2009-06-02,944.7362
2009-06-03,931.7623
2009-06-04,942.4638
2009-06-05,940.0882
2009-06-08,939.1351
2009-06-09,942.434
2009-06-10,939.1532
2009-06-11,944.8908
2009-06-12,946.2071
2009-06-15,923.7209
2009-06-16,911.9664
2009-06-17,910.7061
2009-06-18,918.3701
2009-06-19,921.2266
2009-06-22,893.0426
2009-06-23,895.098
2009-06-24,900.9406
2009-06-25,920.2639
2009-06-26,918.9045
2009-06-29,927.2289
2009-06-30,919.3239
2009-07-01,923.328
2009-07-02,896.4231
2009-07-06,898.7177
2009-07-07,881.0322
2009-07-08,879.5599
2009-07-09,882.6822
2009-07-10,879.1283
2009-07-13,901.0515
2009-07-14,905.8369
2009-07-15,932.6767
2009-07-16,940.7441
2009-07-17,940.3763
2009-07-20,951.1256
2009-07-21,954.5762
2009-07-22,954.0721
2009-07-23,976.2911
2009-07-24,979.2627
2009-07-27,982.1766
2009-07-28,979.6236
2009-07-29,975.147
2009-07-30,986.7544
2009-07-31,987.4752
2009-08-03,1002.625
2009-08-04,1005.6474
2009-08-05,1002.723
2009-08-06,997.0808
2009-08-07,1010.4751
2009-08-10,1007.0953
2009-08-11,994.3455
2009-08-12,1005.8061
2009-08-13,1012.7329
2009-08-14,1004.0941
2009-08-17,979.7299
2009-08-18,989.6694
2009-08-19,996.4645
2009-08-20,1007.3704
2009-08-21,1026.1298
2009-08-24,1025.5724
2009-08-25,1027.9983
2009-08-26,1028.1238
2009-08-27,1030.9821
2009-08-28,1028.9317
2009-08-31,1020.6246
2009-09-01,998.0421
2009-09-02,994.7546
2009-09-03,1003.2384
2009-09-04,1016.4036
2009-09-08,1025.3861
2009-09-09,1033.3741
2009-09-10,1044.1402
2009-09-11,1042.7322
2009-09-14,1049.3362
2009-09-15,1052.6316
2009-09-16,1068.7571
2009-09-17,1065.4853
2009-09-18,1068.2953
2009-09-21,1064.658
2009-09-22,1071.6626
2009-09-23,1060.8653
2009-09-24,1050.7821
2009-09-25,1044.3824
2009-09-28,1062.9813
2009-09-29,1060.6057
2009-09-30,1057.0786
2009-10-01,1029.8458
2009-10-02,1025.2105
2009-10-05,1040.4555
2009-10-06,1054.7189
2009-10-07,1057.5849
2009-10-08,1065.4808
2009-10-09,1071.4892
2009-10-12,1076.1887
2009-10-13,1073.1911
2009-10-14,1092.0223
2009-10-15,1096.5578
2009-10-16,1087.6823
2009-10-19,1097.9074
2009-10-20,1091.0641
2009-10-21,1081.4006
2009-10-22,1092.9092
2009-10-23,1079.6024
2009-10-26,1066.9502
2009-10-27,1063.4149
2009-10-28,1042.6315
2009-10-29,1066.1077
2009-10-30,1036.1945
2009-11-02,1042.8768
2009-11-03,1045.4089
2009-11-04,1046.4999
2009-11-05,1066.6308
2009-11-06,1069.3006
2009-11-09,1093.0803
2009-11-10,1093.014
2009-11-11,1098.5072
2009-11-12,1087.2374
2009-11-13,1093.4807
2009-11-16,1109.2986
2009-11-17,1110.3174
2009-11-18,1109.7958
2009-11-19,1094.8961
2009-11-20,1091.3769
2009-11-23,1106.2418
2009-11-24,1105.6532
2009-11-25,1110.6297
2009-11-27,1091.4912
2009-11-30,1095.6296
2009-12-01,1108.8634
2009-12-02,1109.2353
2009-12-03,1099.9222
2009-12-04,1105.9755
2009-12-07,1103.2529
2009-12-08,1091.9402
2009-12-09,1095.9486
2009-12-10,1102.3516
2009-12-11,1106.4114
2009-12-14,1114.1137
2009-12-15,1107.9268
2009-12-16,1109.1786
2009-12-17,1096.0833
2009-12-18,1102.4656
2009-12-21,1114.0461
2009-12-22,1118.0244
2009-12-23,1120.592
2009-12-24,1126.476
2009-12-28,1127.7768
2009-12-29,1126.2041
2009-12-30,1126.4211
2009-12-31,1115.1027
2010-01-04,1132.9855
2010-01-05,1136.5234
2010-01-06,1137.1378
2010-01-07,1141.6949
2010-01-08,1144.9831
2010-01-11,1146.979
2010-01-12,1136.2212
2010-01-13,1145.676
2010-01-14,1148.4606
2010-01-15,1136.0289
2010-01-19,1150.2322
2010-01-20,1138.0402
2010-01-21,1116.4785
2010-01-22,1091.7555
2010-01-25,1096.7849
2010-01-26,1092.1659
2010-01-27,1097.5042
2010-01-28,1084.5264
2010-01-29,1073.8694
2010-02-01,1089.1887
2010-02-02,1103.3231
2010-02-03,1097.2817
2010-02-04,1063.1099
2010-02-05,1066.1868
2010-02-08,1056.7447
2010-02-09,1070.5237
2010-02-10,1068.1346
2010-02-11,1078.4666
2010-02-12,1075.5133
2010-02-16,1094.871
2010-02-17,1099.5091
2010-02-18,1106.7521
2010-02-19,1109.173
2010-02-22,1108.0149
2010-02-23,1094.6016
2010-02-24,1105.2442
2010-02-25,1102.9425
2010-02-26,1104.4934
2010-03-01,1115.7125
2010-03-02,1118.3106
2010-03-03,1118.7899
2010-03-04,1122.9736
2010-03-05,1138.6981
2010-03-08,1138.5049
2010-03-09,1140.4464
2010-03-10,1145.609
2010-03-11,1150.2431
2010-03-12,1149.9919
2010-03-15,1150.5139
2010-03-16,1159.4639
2010-03-17,1166.21
2010-03-18,1165.833
2010-03-19,1159.8974
2010-03-22,1165.8076
2010-03-23,1174.1663
2010-03-24,1167.7173
2010-03-25,1165.7272
2010-03-26,1166.5886
2010-03-29,1173.2222
2010-03-30,1173.2715
2010-03-31,1169.4312
2010-04-01,1178.1026
2010-04-05,1187.4393
2010-04-06,1189.4411
2010-04-07,1182.4504
2010-04-08,1186.4409
2010-04-09,1194.3677
2010-04-12,1196.4783
2010-04-13,1197.3013
2010-04-14,1210.6517
2010-04-15,1211.668
2010-04-16,1192.1288
2010-04-19,1197.5182
2010-04-20,1207.1745
2010-04-21,1205.9447
2010-04-22,1208.6697
2010-04-23,1217.2756
2010-04-26,1212.054
2010-04-27,1183.7132
2010-04-28,1191.3558
2010-04-29,1206.7761
2010-04-30,1186.6894
2010-05-03,1202.2601
2010-05-04,1173.5993
2010-05-05,1165.897
2010-05-06,1128.1504
2010-05-07,1110.8847
2010-05-10,1159.7265
2010-05-11,1155.7867
2010-05-12,1171.6727
2010-05-13,1157.4374
2010-05-14,1135.6823
2010-05-17,1136.9425
2010-05-18,1120.803
2010-05-19,1115.0494
2010-05-20,1071.5937
2010-05-21,1087.6933
2010-05-24,1073.6524
2010-05-25,1074.0269
2010-05-26,1067.9474
2010-05-27,1103.0621
2010-05-28,1089.4058
2010-06-01,1070.7073
2010-06-02,1098.38
2010-06-03,1102.8251
2010-06-04,1064.875
2010-06-07,1050.4748
2010-06-08,1062.0036
2010-06-09,1055.694
2010-06-10,1086.8351
2010-06-11,1091.5996
2010-06-14,1089.6256
2010-06-15,1115.2278
2010-06-16,1114.6086
2010-06-17,1116.0354
2010-06-18,1117.5106
2010-06-21,1113.1986
2010-06-22,1095.3108
2010-06-23,1092.0351
2010-06-24,1073.6904
2010-06-25,1076.7646
2010-06-28,1074.57
2010-06-29,1041.2425
2010-06-30,1030.7101
2010-07-01,1027.3739
2010-07-02,1022.583
2010-07-06,1028.0605
2010-07-07,1060.2728
2010-07-08,1070.2455
2010-07-09,1077.9577
2010-07-12,1078.7471
2010-07-13,1095.3359
2010-07-14,1095.1712
2010-07-15,1096.4758
2010-07-16,1064.8774
2010-07-19,1071.2477
2010-07-20,1083.4843
2010-07-21,1069.5913
2010-07-22,1093.6705
2010-07-23,1102.6582
2010-07-26,1115.0093
2010-07-27,1113.8385
2010-07-28,1106.1266
2010-07-29,1101.5307
2010-07-30,1101.5974
2010-08-02,1125.8592
2010-08-03,1120.4573
2010-08-04,1127.2391
2010-08-05,1125.8149
2010-08-06,1121.6419
2010-08-09,1127.791
2010-08-10,1121.0609
2010-08-11,1089.4732
2010-08-12,1083.61
2010-08-13,1079.2464
2010-08-16,1079.376
2010-08-17,1092.5417
2010-08-18,1094.1635
2010-08-19,1075.6323
2010-08-20,1071.6922
2010-08-23,1067.3586
2010-08-24,1051.8714
2010-08-25,1055.3285
2010-08-26,1047.2238
2010-08-27,1064.5906
2010-08-30,1048.9219
2010-08-31,1049.3265
2010-09-01,1080.2939
2010-09-02,1090.1001
2010-09-03,1104.5066
2010-09-07,1091.8404
2010-09-08,1098.8704
2010-09-09,1104.1831
2010-09-10,1109.5521
2010-09-13,1121.9031
2010-09-14,1121.0992
2010-09-15,1125.0654
2010-09-16,1124.6632
2010-09-17,1125.5925
2010-09-20,1142.7089
2010-09-21,1139.7819
2010-09-22,1134.2775
2010-09-23,1124.829
2010-09-24,1148.6706
2010-09-27,1142.1632
2010-09-28,1147.6987
2010-09-29,1144.7262
2010-09-30,1141.2012
2010-10-01,1146.2369
2010-10-04,1137.0337
2010-10-05,1160.745
2010-10-06,1159.9739
2010-10-07,1158.0577
2010-10-08,1165.1462
2010-10-11,1165.318
2010-10-12,1169.771
2010-10-13,1178.1023
2010-10-14,1173.8137
2010-10-15,1176.1885
2010-10-18,1184.7117
2010-10-19,1165.8956
2010-10-20,1178.173
2010-10-21,1180.2646
2010-10-22,1183.0768
2010-10-25,1185.6207
2010-10-26,1185.6361
2010-10-27,1182.448
2010-10-28,1183.7761
2010-10-29,1183.2577
2010-11-01,1184.3848
2010-11-02,1193.5676
2010-11-03,1197.9614
2010-11-04,1221.0553
2010-11-05,1225.8479
2010-11-08,1223.2467
2010-11-09,1213.3966
2010-11-10,1218.7085
2010-11-11,1213.5353
2010-11-12,1199.2083
2010-11-15,1197.7515
2010-11-16,1178.3444
2010-11-17,1178.5879
2010-11-18,1196.6851
2010-11-19,1199.7301
2010-11-22,1197.8437
2010-11-23,1180.7273
2010-11-24,1198.3538
2010-11-26,1189.4038
2010-11-29,1187.7615
2010-11-30,1180.553
2010-12-01,1206.068
2010-12-02,1221.5317
2010-12-03,1224.7077
2010-12-06,1223.1216
2010-12-07,1223.7464
2010-12-08,1228.2841
2010-12-09,1232.9977
2010-12-10,1240.3977
2010-12-13,1240.4598
2010-12-14,1241.5889
2010-12-15,1235.2331
2010-12-16,1242.8701
2010-12-17,1243.9073
2010-12-20,1247.0777
2010-12-21,1254.6004
2010-12-22,1258.8371
2010-12-23,1256.7716
2010-12-27,1257.5365
2010-12-28,1258.5136
2010-12-29,1259.7828
2010-12-30,1257.8841
2010-12-31,1257.636
2011-01-03,1271.8699
2011-01-04,1270.1964
2011-01-05,1276.5635
2011-01-06,1273.8521
2011-01-07,1271.5024
2011-01-10,1269.7529
2011-01-11,1274.4823
2011-01-12,1285.9552
2011-01-13,1283.7587
2011-01-14,1293.245
2011-01-18,1295.0195
2011-01-19,1281.9177
2011-01-20,1280.2568
2011-01-21,1283.3467
2011-01-24,1290.8355
2011-01-25,1291.1799
2011-01-26,1296.6331
2011-01-27,1299.5409
2011-01-28,1276.3435
2011-01-31,1286.1209
2011-02-01,1307.5918
2011-02-02,1304.0292
2011-02-03,1307.1022
2011-02-04,1310.8702
2011-02-07,1319.052
2011-02-08,1324.5731
2011-02-09,1320.8789
2011-02-10,1321.8684
2011-02-11,1329.1456
2011-02-14,1332.322
2011-02-15,1328.0137
2011-02-16,1336.322
2011-02-17,1340.4265
2011-02-18,1343.0135
2011-02-22,1315.4446
2011-02-23,1307.3982
2011-02-24,1306.0994
2011-02-25,1319.8827
2011-02-28,1327.2242
2011-03-01,1306.3315
2011-03-02,1308.44
2011-03-03,1330.9685
2011-03-04,1321.1529
2011-03-07,1310.1307
2011-03-08,1321.8181
2011-03-09,1320.0248
2011-03-10,1295.1062
2011-03-11,1304.2813
2011-03-14,1296.3878
2011-03-15,1281.8718
2011-03-16,1256.8764
2011-03-17,1273.7153
2011-03-18,1279.205
2011-03-21,1298.3831
2011-03-22,1293.7695
2011-03-23,1297.5432
2011-03-24,1309.6605
2011-03-25,1313.8021
2011-03-28,1310.1934
2011-03-29,1319.4432
2011-03-30,1328.26
2011-03-31,1325.8267
2011-04-01,1332.4131
2011-04-04,1332.8739
2011-04-05,1332.6338
2011-04-06,1335.5402
2011-04-07,1333.5088
2011-04-08,1328.1668
2011-04-11,1324.456
2011-04-12,1314.1578
2011-04-13,1314.4136
2011-04-14,1314.5202
2011-04-15,1319.6779
2011-04-18,1305.1361
2011-04-19,1312.622
2011-04-20,1330.3578
2011-04-21,1337.3849
2011-04-25,1335.2479
2011-04-26,1347.2399
2011-04-27,1355.658
2011-04-28,1360.4807
2011-04-29,1363.6122
2011-05-02,1361.222
2011-05-03,1356.6222
2011-05-04,1347.3234
2011-05-05,1335.1026
2011-05-06,1340.2029
2011-05-09,1346.295
2011-05-10,1357.1598
2011-05-11,1342.0832
2011-05-12,1348.6496
2011-05-13,1337.775
2011-05-16,1329.469
2011-05-17,1328.9783
2011-05-18,1340.677
2011-05-19,1343.6011
2011-05-20,1333.2692
2011-05-23,1317.3656
2011-05-24,1316.2807
2011-05-25,1320.4731
2011-05-26,1325.6892
2011-05-27,1331.1038
2011-05-31,1345.1973
2011-06-01,1314.5459
2011-06-02,1312.9372
2011-06-03,1300.1626
2011-06-06,1286.1679
2011-06-07,1284.9443
2011-06-08,1279.5558
2011-06-09,1289.0025
2011-06-10,1270.9793
2011-06-13,1271.8268
2011-06-14,1287.8678
2011-06-15,1265.4229
2011-06-16,1267.6368
2011-06-17,1271.5032
2011-06-20,1278.3633
2011-06-21,1295.519
2011-06-22,1287.1365
2011-06-23,1283.4991
2011-06-24,1268.4452
2011-06-27,1280.0958
2011-06-28,1296.6733
2011-06-29,1307.411
2011-06-30,1320.639
2011-07-01,1339.6687
2011-07-05,1337.8766
2011-07-06,1339.2247
2011-07-07,1353.2173
2011-07-08,1343.804
2011-07-11,1319.49
2011-07-12,1313.6439
2011-07-13,1317.72
2011-07-14,1308.8679
2011-07-15,1316.1442
2011-07-18,1305.4357
2011-07-19,1326.7257
2011-07-20,1325.8394
2011-07-21,1343.8012
2011-07-22,1345.0158
2011-07-25,1337.433
2011-07-26,1331.9385
2011-07-27,1304.8891
2011-07-28,1300.6679
2011-07-29,1292.2828
2011-08-01,1286.9418
2011-08-02,1254.045
2011-08-03,1260.3406
2011-08-04,1200.0703
2011-08-05,1199.3752
2011-08-08,1119.4609
2011-08-09,1172.5337
2011-08-10,1120.7558
2011-08-11,1172.6374
2011-08-12,1178.8116
2011-08-15,1204.4869
2011-08-16,1192.7613
2011-08-17,1193.8851
2011-08-18,1140.6469
2011-08-19,1123.5264
2011-08-22,1123.82
2011-08-23,1162.3516
2011-08-24,1177.602
2011-08-25,1159.2701
2011-08-26,1176.8004
2011-08-29,1210.0848
2011-08-30,1212.9227
2011-08-31,1218.8936
2011-09-01,1204.4198
2011-09-02,1173.9659
2011-09-06,1165.2395
2011-09-07,1198.6249
2011-09-08,1185.8997
2011-09-09,1154.2335
2011-09-12,1162.2655
2011-09-13,1172.8713
2011-09-14,1188.6752
2011-09-15,1209.1116
2011-09-16,1216.0141
2011-09-19,1204.0899
2011-09-20,1202.0878
2011-09-21,1166.7616
2011-09-22,1129.56
2011-09-23,1136.4294
2011-09-26,1162.9466
2011-09-27,1175.3752
2011-09-28,1151.0606
2011-09-29,1160.3975
2011-09-30,1131.4204
2011-10-03,1099.2273
2011-10-04,1123.9467
2011-10-05,1144.0339
2011-10-06,1164.9729
2011-10-07,1155.4641
2011-10-10,1194.8883
2011-10-11,1195.5353
2011-10-12,1207.2541
2011-10-13,1203.6586
2011-10-14,1224.577
2011-10-17,1200.8584
2011-10-18,1225.3784
2011-10-19,1209.8812
2011-10-20,1215.3899
2011-10-21,1238.2499
2011-10-24,1254.1948
2011-10-25,1229.0501
2011-10-26,1242.0002
2011-10-27,1284.591
2011-10-28,1285.0864
2011-10-31,1253.2963
2011-11-01,1218.277
2011-11-30,1246.9601
2011-12-01,1244.583
2011-12-02,1244.278
2011-12-05,1257.0811
2011-12-06,1258.4703
2011-12-07,1261.0087
2011-12-08,1234.3527
2011-12-09,1255.192
2011-12-12,1236.4705
2011-12-13,1225.7335
2011-12-14,1211.8184
2011-12-15,1215.7522
2011-12-16,1219.6572
2011-12-19,1205.3512
2011-12-20,1241.3045
2011-12-21,1243.716
2011-12-22,1254.0004
2011-12-23,1265.3326
2011-12-27,1265.4326
2011-12-28,1249.6394
2011-12-29,1263.0156
2011-12-30,1257.6048
2012-01-03,1277.0607
2012-01-04,1277.3007
2012-01-05,1281.0563
2012-01-06,1277.8074
2012-01-09,1280.7016
2012-01-10,1292.0788
2012-01-11,1292.4756
2012-01-12,1295.5037
2012-01-13,1289.0924
2012-01-17,1293.6678
2012-01-18,1308.0369
2012-01-19,1314.5011
2012-01-20,1315.3837
2012-01-23,1316.0043
2012-01-24,1314.6546
2012-01-25,1326.0466
2012-01-26,1318.4298
2012-01-27,1316.3277
2012-01-30,1313.0138
2012-01-31,1312.4096
2012-02-01,1324.0891
2012-02-02,1325.541
2012-02-03,1344.9021
2012-02-06,1344.334
2012-02-07,1347.0481
2012-02-08,1349.9596
2012-02-09,1351.9476
2012-02-10,1342.6406
2012-02-13,1351.7715
2012-02-14,1350.4991
2012-02-15,1343.2285
2012-02-16,1358.0441
2012-02-17,1361.2274
2012-02-21,1362.2057
2012-02-22,1357.6558
2012-02-23,1363.46
2012-02-24,1365.743
2012-02-27,1367.5866
2012-02-28,1372.1752
2012-02-29,1365.6827
2012-03-01,1374.0864
2012-03-02,1369.6279
2012-03-05,1364.335
2012-03-06,1343.3599
2012-03-07,1352.6265
2012-03-08,1365.9092
2012-03-09,1370.8657
2012-03-12,1371.0945
2012-03-13,1395.9472
2012-03-14,1394.2781
2012-03-15,1402.598
2012-03-16,1404.1725
2012-03-19,1409.7463
2012-03-20,1405.5174
2012-03-21,1402.8949
2012-03-22,1392.7845
2012-03-23,1397.1076
2012-03-26,1416.5124
2012-03-27,1412.516
2012-03-28,1405.5424
2012-03-29,1403.2768
2012-03-30,1408.4679
2012-04-02,1419.0438
2012-04-03,1413.3806
2012-04-04,1398.9586
2012-04-05,1398.0841
2012-04-09,1382.2021
2012-04-10,1358.5938
2012-04-11,1368.7054
2012-04-12,1387.5654
2012-04-13,1370.2613
2012-04-16,1369.5689
2012-04-17,1390.7796
2012-04-18,1385.1422
2012-04-19,1376.9196
2012-04-20,1378.533
2012-04-23,1366.9435
2012-04-24,1371.971
2012-04-25,1390.6931
2012-04-26,1399.9804
2012-04-27,1403.3581
2012-04-30,1397.912
2012-05-01,1405.8237
2012-05-02,1402.3052
2012-05-03,1391.5711
2012-05-04,1369.0982
2012-05-07,1369.5835
2012-05-08,1363.7222
2012-05-09,1354.5761
2012-05-10,1357.992
2012-05-11,1353.3916
2012-05-14,1338.3479
2012-05-15,1330.6603
2012-05-16,1324.8031
2012-05-17,1304.8629
2012-05-18,1295.22
2012-05-21,1315.9886
2012-05-22,1316.6275
2012-05-23,1318.8578
2012-05-24,1320.6791
2012-05-25,1317.8212
2012-05-29,1332.4191
2012-05-30,1313.3201
2012-05-31,1310.329
2012-06-01,1278.0446
2012-06-04,1278.177
2012-06-05,1285.4972
2012-06-06,1315.1307
2012-06-07,1314.9861
2012-06-08,1325.6555
2012-06-11,1308.9327
2012-06-12,1324.1762
2012-06-13,1314.8809
2012-06-14,1329.0995
2012-06-15,1342.8353
2012-06-18,1344.7767
2012-06-19,1357.9837
2012-06-20,1355.6942
2012-06-21,1325.5137
2012-06-22,1335.0204
2012-06-25,1313.7181
2012-06-26,1319.985
2012-06-27,1331.8531
2012-06-28,1329.0441
2012-06-29,1362.1587
2012-07-02,1365.5134
2012-07-03,1374.0157
2012-07-05,1367.5822
2012-07-06,1354.6761
2012-07-09,1352.4566
2012-07-10,1341.4744
2012-07-11,1341.4547
2012-07-12,1334.7568
2012-07-13,1356.7841
2012-07-16,1353.6438
2012-07-17,1363.6739
2012-07-18,1372.7814
2012-07-19,1376.5132
2012-07-20,1362.6597
2012-07-23,1350.517
2012-07-24,1338.314
2012-07-25,1337.8883
2012-07-26,1360.0237
2012-07-27,1385.97
2012-07-30,1385.3006
2012-07-31,1379.3239
2012-08-01,1375.1363
2012-08-02,1364.9981
2012-08-03,1390.9893
2012-08-06,1394.2274
2012-08-07,1401.3463
2012-08-08,1402.2204
2012-08-09,1402.796
2012-08-10,1405.8678
2012-08-13,1404.1088
2012-08-14,1403.9273
2012-08-15,1405.527
2012-08-16,1415.5144
2012-08-17,1418.1627
2012-08-20,1418.1336
2012-08-21,1413.1714
2012-08-22,1413.4933
2012-08-23,1402.0829
2012-08-24,1411.1267
2012-08-27,1410.4351
2012-08-28,1409.2993
2012-08-29,1410.4894
2012-08-30,1399.4828
2012-08-31,1406.5757
2012-09-04,1404.9394
2012-09-05,1403.4353
2012-09-06,1432.1152
2012-09-07,1437.9172
2012-09-10,1429.0837
2012-09-11,1433.5648
2012-09-12,1436.5635
2012-09-13,1459.9877
2012-09-14,1465.7739
2012-09-17,1461.1885
2012-09-18,1459.3198
2012-09-19,1461.053
2012-09-20,1460.2619
2012-09-21,1460.1513
2012-09-24,1456.886
2012-09-25,1441.5899
2012-09-26,1433.3159
2012-09-27,1447.1541
2012-09-28,1440.6745
2012-10-01,1444.4873
2012-10-02,1445.7543
2012-10-03,1450.9948
2012-10-04,1461.3978
2012-10-05,1460.9266
2012-10-08,1455.8758
2012-10-09,1441.4843
2012-10-10,1432.5625
2012-10-11,1432.8436
2012-10-12,1428.5894
2012-10-15,1440.1265
2012-10-16,1454.9216
2012-10-17,1460.9105
2012-10-18,1457.342
2012-10-19,1433.1872
2012-10-22,1433.8192
2012-10-23,1413.1091
2012-10-24,1408.7517
2012-10-25,1412.971
2012-10-26,1411.9403
2012-10-31,1412.158
2012-11-01,1427.5897
2012-11-02,1414.1977
2012-11-05,1417.2551
2012-11-06,1428.3894
2012-11-07,1394.5309
2012-11-08,1377.5059
2012-11-09,1379.8495
2012-11-12,1380.0288
2012-11-13,1374.526
2012-11-14,1355.4872
2012-11-15,1353.3264
2012-11-16,1359.8764
2012-11-19,1386.8856
2012-11-20,1387.8121
2012-11-21,1391.0263
2012-11-23,1409.1549
2012-11-26,1406.2931
2012-11-27,1398.943
2012-11-28,1409.9344
2012-11-29,1415.9546
2012-11-30,1416.1816
2012-12-03,1409.458
2012-12-04,1407.0475
2012-12-05,1409.2772
2012-12-06,1413.9423
2012-12-07,1418.0747
2012-12-10,1418.5455
2012-12-11,1427.8395
2012-12-12,1428.4763
2012-12-13,1419.4476
2012-12-14,1413.5791
2012-12-17,1430.3609
2012-12-18,1446.7878
2012-12-19,1435.8107
2012-12-20,1443.6929
2012-12-21,1430.1484
2012-12-24,1426.6624
2012-12-26,1419.8264
2012-12-27,1418.0965
2012-12-28,1402.4284
2012-12-31,1426.188
2013-01-02,1462.4207
2013-01-03,1459.3656
2013-01-04,1466.4667
2013-01-07,1461.8915
2013-01-08,1457.1476
2013-01-09,1461.0216
2013-01-10,1472.1226
2013-01-11,1472.0541
2013-01-14,1470.6785
2013-01-15,1472.3415
2013-01-16,1472.6297
2013-01-17,1480.9392
2013-01-18,1485.9764
2013-01-22,1492.5579
2013-01-23,1494.8075
2013-01-24,1494.8153
2013-01-25,1502.9584
2013-01-28,1500.1751
2013-01-29,1507.8399
2013-01-30,1501.9635
2013-01-31,1498.1109
2013-02-01,1513.1739
2013-02-04,1495.7111
2013-02-05,1511.2877
2013-02-06,1512.1182
2013-02-07,1509.3937
2013-02-08,1517.9269
2013-02-11,1517.0092
2013-02-12,1519.4273
2013-02-13,1520.3314
2013-02-14,1521.3809
2013-02-15,1519.7942
2013-02-19,1530.9417
2013-02-20,1511.9544
2013-02-21,1502.4195
2013-02-22,1515.6006
2013-02-25,1487.8481
2013-02-26,1496.9434
2013-02-27,1515.9854
2013-02-28,1514.6783
2013-03-01,1518.2
2013-03-04,1525.2006
2013-03-05,1539.7925
2013-03-06,1541.4589
2013-03-07,1544.2594
2013-03-08,1551.1792
2013-03-11,1556.2243
2013-03-12,1552.4787
2013-03-13,1554.5184
2013-03-14,1563.2337
2013-03-15,1560.6961
2013-03-18,1552.1023
2013-03-19,1548.3419
2013-03-20,1558.7115
2013-03-21,1545.803
2013-03-22,1556.8859
2013-03-25,1551.6917
2013-03-26,1563.772
2013-03-27,1562.8527
2013-03-28,1569.1859
2013-04-01,1562.1738
2013-04-02,1570.2522
2013-04-03,1553.687
2013-04-04,1559.9793
2013-04-05,1553.2789
2013-04-08,1563.0713
2013-04-09,1568.6079
2013-04-10,1587.7318
2013-04-11,1593.3699
2013-04-12,1588.8546
2013-04-15,1552.3636
2013-04-16,1574.567
2013-04-17,1552.0149
2013-04-18,1541.6134
2013-04-19,1555.2544
2013-04-22,1562.4995
2013-04-23,1578.7756
2013-04-24,1578.7895
2013-04-25,1585.1581
2013-04-26,1582.2357
2013-04-29,1593.6071
2013-04-30,1597.5657
2013-05-01,1582.7039
2013-05-02,1597.5908
2013-05-03,1614.4163
2013-05-06,1617.5007
2013-05-07,1625.9646
2013-05-08,1632.69
2013-05-09,1626.6711
2013-05-10,1633.7015
2013-05-13,1633.7662
2013-05-14,1650.3399
2013-05-15,1658.7847
2013-05-16,1650.4737
2013-05-17,1667.4714
2013-05-20,1666.2899
2013-05-21,1669.162
2013-05-22,1655.3481
2013-05-23,1650.5102
2013-05-24,1649.6048
2013-05-28,1660.0596
2013-05-29,1648.3633
2013-05-30,1654.4111
2013-05-31,1630.7419
2013-06-03,1640.4206
2013-06-04,1631.3844
2013-06-05,1608.8987
2013-06-06,1622.5585
2013-06-07,1643.3791
2013-06-10,1642.8127
2013-06-11,1626.1322
2013-06-12,1612.5248
2013-06-13,1636.3649
2013-06-14,1626.7265
2013-06-17,1639.0394
2013-06-18,1651.8068
2013-06-19,1628.9262
2013-06-20,1588.1888
2013-06-21,1592.4285
2013-06-24,1573.0905
2013-06-25,1588.0258
2013-06-26,1603.2569
2013-06-27,1613.1958
2013-06-28,1606.2776
2013-07-01,1614.9625
2013-07-02,1614.0827
2013-07-03,1615.4112
2013-07-05,1631.8869
2013-07-08,1640.4609
2013-07-09,1652.3154
2013-07-10,1652.6175
2013-07-11,1675.0237
2013-07-12,1680.1912
2013-07-15,1682.5003
2013-07-16,1676.2583
2013-07-17,1680.9094
2013-07-18,1689.3717
2013-07-19,1692.088
2013-07-22,1695.5277
2013-07-23,1692.387
2013-07-24,1685.9366
2013-07-25,1690.2531
2013-07-26,1691.6462
2013-07-29,1685.3308
2013-07-30,1685.9589
2013-07-31,1685.725
2013-08-01,1706.8679
2013-08-02,1709.6727
2013-08-05,1707.1371
2013-08-06,1697.3676
2013-08-07,1690.9104
2013-08-08,1697.4821
2013-08-09,1691.4241
2013-08-12,1689.4741
2013-08-13,1694.1637
2013-08-14,1685.3885
2013-08-15,1661.3159
2013-08-16,1655.8265
2013-08-19,1646.0583
2013-08-20,1652.348
2013-08-21,1642.8017
2013-08-22,1656.9571
2013-08-23,1663.5034
2013-08-26,1656.7845
2013-08-27,1630.477
2013-08-28,1634.9565
2013-08-29,1638.1669
2013-08-30,1632.9712
2013-09-03,1639.7702
2013-09-04,1653.0765
2013-09-05,1655.0775
2013-09-06,1655.1655
2013-09-09,1671.7135
2013-09-10,1683.9873
2013-09-11,1689.1287
2013-09-12,1683.4218
2013-09-13,1687.988
2013-09-16,1697.5997
2013-09-17,1704.7613
2013-09-18,1725.5238
2013-09-19,1722.3425
2013-09-20,1709.9127
2013-09-23,1701.8412
2013-09-24,1697.4228
2013-09-25,1692.7662
2013-09-26,1698.6658
2013-09-27,1691.7452
2013-09-30,1681.5467
2013-10-01,1694.9974
2013-10-02,1693.8697
2013-10-03,1678.6573
2013-10-04,1690.5036
2013-10-07,1676.1162
2013-10-08,1655.4494
2013-10-09,1656.3992
2013-10-10,1692.5627
2013-10-11,1703.1952
2013-10-14,1710.1447
2013-10-15,1698.064
2013-10-16,1721.5443
2013-10-17,1733.1502
2013-10-18,1744.5021
2013-10-21,1744.6569
2013-10-22,1754.6712
2013-10-23,1746.3751
2013-10-24,1752.0688
2013-10-25,1759.7656
2013-10-28,1762.1056
2013-10-29,1771.9455
2013-10-30,1763.3075
2013-10-31,1756.5446
2013-11-01,1761.6445
2013-11-04,1767.9304
2013-11-05,1762.9714
2013-11-06,1770.4881
2013-11-07,1747.1524
2013-11-08,1770.6068
2013-11-11,1771.8934
2013-11-12,1767.6853
2013-11-13,1782.0037
2013-11-14,1790.618
2013-11-15,1798.1757
2013-11-18,1791.5302
2013-11-19,1787.8652
2013-11-20,1781.3739
2013-11-21,1795.8533
2013-11-22,1804.7566
2013-11-25,1802.4801
2013-11-26,1802.752
2013-11-27,1807.2333
2013-11-29,1805.8127
2013-12-02,1800.8977
2013-12-03,1795.1547
2013-12-04,1792.81
2013-12-05,1785.0329
2013-12-06,1805.0941
2013-12-09,1808.3652
2013-12-10,1802.6173
2013-12-11,1782.2218
2013-12-12,1775.4982
2013-12-13,1775.3189
2013-12-16,1786.5372
2013-12-17,1781.0048
2013-12-18,1810.6483
2013-12-19,1809.5965
2013-12-20,1818.3206
2013-12-23,1827.989
2013-12-24,1833.3233
2013-12-26,1842.0192
2013-12-27,1841.4027
2013-12-30,1841.0704
2013-12-31,1848.3565
2014-01-02,1831.9847
2014-01-03,1831.3666
2014-01-06,1826.7672
2014-01-07,1837.8772
2014-01-08,1837.4946
2014-01-09,1838.1253
2014-01-10,1842.3722
2014-01-13,1819.2027
2014-01-14,1838.8826
2014-01-15,1848.3785
2014-01-16,1845.891
2014-01-17,1838.6995
2014-01-21,1843.8044
2014-01-22,1844.8559
2014-01-23,1828.4642
2014-01-24,1790.2855
2014-01-27,1781.5599
2014-01-28,1792.4964
2014-01-29,1774.2027
2014-01-30,1794.1902
2014-01-31,1782.587
2014-02-03,1741.8855
2014-02-04,1755.2042
2014-02-05,1751.6418
2014-02-06,1773.43
2014-02-07,1797.0169
2014-02-10,1799.8394
2014-02-11,1819.7478
2014-02-12,1819.2643
2014-02-13,1829.8298
2014-02-14,1838.6327
2014-02-18,1840.7564
2014-02-19,1828.7468
2014-02-20,1839.7822
2014-02-21,1836.2462
2014-02-24,1847.6146
2014-02-25,1845.12
2014-02-26,1845.164
2014-02-27,1854.292
2014-02-28,1859.4494
2014-03-03,1845.7344
2014-03-04,1873.9137
2014-03-05,1873.8115
2014-03-06,1877.0259
2014-03-07,1878.0392
2014-03-10,1877.1739
2014-03-11,1867.626
2014-03-12,1868.1951
2014-03-13,1846.3448
2014-03-14,1841.1335
2014-03-17,1858.8322
2014-03-18,1872.2515
2014-03-19,1860.7714
2014-03-20,1872.0084
2014-03-21,1866.5207
2014-03-24,1857.4445
2014-03-25,1865.6244
2014-03-26,1852.5612
2014-03-27,1849.0426
2014-03-28,1857.6208
2014-03-31,1872.3352
2014-04-01,1885.5226
2014-04-02,1890.8988
2014-04-03,1888.7705
2014-04-04,1865.0934
2014-04-07,1845.0354
2014-04-08,1851.9569
2014-04-09,1872.1788
2014-04-10,1833.078
2014-04-11,1815.6851
2014-04-14,1830.61
2014-04-15,1842.9813
2014-04-16,1862.312
2014-04-17,1864.8514
2014-04-21,1871.8876
2014-04-22,1879.551
2014-04-23,1875.3877
2014-04-24,1878.6105
2014-04-25,1863.4007
2014-04-28,1869.4252
2014-04-29,1878.3301
2014-04-30,1883.9501
2014-05-01,1883.6835
2014-05-02,1881.1381
2014-05-05,1884.6557
2014-05-06,1867.7191
2014-05-07,1878.2077
2014-05-08,1875.6292
2014-05-09,1878.4757
2014-05-12,1896.6543
2014-05-13,1897.4458
2014-05-14,1888.5257
2014-05-15,1870.8486
2014-05-16,1877.8553
2014-05-19,1885.0849
2014-05-20,1872.8342
2014-05-21,1888.0303
2014-05-22,1892.4936
2014-05-23,1900.5332
2014-05-27,1911.9106
2014-05-28,1909.7819
2014-05-29,1920.0268
2014-05-30,1923.5727
2014-06-02,1924.9654
2014-06-03,1924.2447
2014-06-04,1927.875
2014-06-05,1940.4579
2014-06-06,1949.4407
2014-06-09,1951.2726
2014-06-10,1950.7945
2014-06-11,1943.8902
2014-06-12,1930.1146
2014-06-13,1936.1594
2014-06-16,1937.7839
2014-06-17,1941.9916
2014-06-18,1956.9841
2014-06-19,1959.4844
2014-06-20,1962.8734
2014-06-23,1962.6108
2014-06-24,1949.9824
2014-06-25,1959.5311
2014-06-26,1957.2198
2014-06-27,1960.9605
2014-06-30,1960.2312
2014-07-01,1973.3186
2014-07-02,1974.618
2014-07-03,1985.4371
2014-07-07,1977.6509
2014-07-08,1963.7115
2014-07-09,1972.8331
2014-07-10,1964.6766
2014-07-11,1967.5692
2014-07-14,1977.0993
2014-07-15,1973.2821
2014-07-16,1981.5672
2014-07-17,1958.1194
2014-07-18,1978.2184
2014-07-21,1973.6279
2014-07-22,1983.5282
2014-07-23,1987.0052
2014-07-24,1987.9805
2014-07-25,1978.3389
2014-07-28,1978.9113
2014-07-29,1969.9523
2014-07-30,1970.0681
2014-07-31,1930.6739
2014-08-01,1925.1518
2014-08-04,1938.9862
2014-08-05,1920.2112
2014-08-06,1920.236
2014-08-07,1909.5708
2014-08-08,1931.5932
2014-08-11,1936.9156
2014-08-12,1933.7466
2014-08-13,1946.722
2014-08-14,1955.1824
2014-08-15,1955.0626
2014-08-18,1971.74
2014-08-19,1981.601
2014-08-20,1986.506
2014-08-21,1992.366
2014-08-22,1988.4024
2014-08-25,1997.9218
2014-08-26,2000.02
2014-08-27,2000.1177
2014-08-28,1996.7405
2014-08-29,2003.3677
2014-09-02,2002.2844
2014-09-03,2000.7236
2014-09-04,1997.6509
2014-09-05,2007.7119
2014-09-08,2001.5407
2014-09-09,1988.4449
2014-09-10,1995.6923
2014-09-11,1997.446
2014-09-12,1985.5363
2014-09-15,1984.1323
2014-09-16,1998.9814
2014-09-17,2001.5652
2014-09-18,2011.3638
2014-09-19,2010.3967
2014-09-22,1994.2888
2014-09-23,1982.7654
2014-09-24,1998.3022
2014-09-25,1965.9897
2014-09-26,1982.8459
2014-09-29,1977.8011
2014-09-30,1972.2851
2014-10-01,1946.1608
2014-10-02,1946.1668
2014-10-03,1967.9021
2014-10-06,1964.8246
2014-10-07,1935.0991
2014-10-08,1968.8893
2014-10-09,1928.2077
2014-10-10,1906.1297
2014-10-13,1874.7355
2014-10-14,1877.6981
2014-10-15,1862.4911
2014-10-16,1862.7641
2014-10-17,1886.764
2014-10-20,1904.0114
2014-10-21,1941.2825
2014-10-22,1927.1104
2014-10-23,1950.8221
2014-10-24,1964.5803
2014-10-27,1961.6305
2014-10-28,1985.0456
2014-10-29,1982.303
2014-10-30,1994.6547
2014-10-31,2018.0545
2014-12-01,2053.4401
2014-12-02,2066.5486
2014-12-03,2074.3346
2014-12-04,2071.9156
2014-12-05,2075.3682
2014-12-08,2060.3101
2014-12-09,2059.8161
2014-12-10,2026.1435
2014-12-11,2035.3266
2014-12-12,2002.3342
2014-12-15,1989.6308
2014-12-16,1972.7365
2014-12-17,2012.886
2014-12-18,2061.2301
2014-12-19,2070.647
2014-12-22,2078.5362
2014-12-23,2082.1677
2014-12-24,2081.8815
2014-12-26,2088.7661
2014-12-29,2090.5739
2014-12-30,2080.3459
2014-12-31,2058.9024
2015-01-02,2058.2048
2015-01-05,2020.5779
2015-01-06,2002.6136
2015-01-07,2025.9011
2015-01-08,2062.1436
2015-01-09,2044.8099
2015-01-12,2028.2638
2015-01-13,2023.0292
2015-01-14,2011.2729
2015-01-15,1992.6703
2015-01-16,2019.4187
2015-01-20,2022.5469
2015-01-21,2032.1203
2015-01-22,2063.1456
2015-01-23,2051.8218
2015-01-26,2057.0944
2015-01-27,2029.5545
2015-01-28,2002.1564
2015-01-29,2021.2516
2015-01-30,1994.9904
2015-02-02,2020.8492
2015-02-03,2050.0328
2015-02-04,2041.5094
2015-02-05,2062.5216
2015-02-06,2055.4722
2015-02-09,2046.7436
2015-02-10,2068.5928
2015-02-11,2068.532
2015-02-12,2088.4848
2015-02-13,2096.9879
2015-02-17,2100.3432
2015-02-18,2099.6753
2015-02-19,2097.4493
2015-02-20,2110.3009
2015-02-23,2109.6566
2015-02-24,2115.4838
2015-02-25,2113.8635
2015-02-26,2110.7418
2015-02-27,2104.5032
2015-03-02,2117.3933
2015-03-03,2107.7784
2015-03-04,2098.5331
2015-03-05,2101.0421
2015-03-06,2071.2621
2015-03-09,2079.4255
2015-03-10,2044.1626
2015-03-11,2040.2352
2015-03-12,2065.9543
2015-03-13,2053.3983
2015-03-16,2081.1928
2015-03-17,2074.2764
2015-03-18,2099.5007
2015-03-19,2089.2744
2015-03-20,2108.0973
2015-03-23,2104.4201
2015-03-24,2091.5018
2015-03-25,2061.0475
2015-03-26,2056.1488
2015-03-27,2061.022
2015-03-30,2086.2373
2015-03-31,2067.8872
2015-04-01,2059.6909
2015-04-02,2066.9649
2015-04-06,2080.6178
2015-04-07,2076.3337
2015-04-08,2081.904
2015-04-09,2091.1812
2015-04-10,2102.0553
2015-04-13,2092.4296
2015-04-14,2095.8354
2015-04-15,2106.6263
2015-04-16,2104.9858
2015-04-17,2081.1778
2015-04-20,2100.4009
2015-04-21,2097.2889
2015-04-22,2107.9641
2015-04-23,2112.929
2015-04-24,2117.6899
2015-04-27,2108.9211
2015-04-28,2114.7615
2015-04-29,2106.851
2015-04-30,2085.5137
2015-05-01,2108.2903
2015-05-04,2114.4865
2015-05-05,2089.4601
2015-05-06,2080.1451
2015-05-07,2087.9973
2015-05-08,2116.0951
2015-05-11,2105.3275
2015-05-12,2099.1159
2015-05-13,2098.4776
2015-05-14,2121.0952
2015-05-15,2122.7341
2015-05-18,2129.2039
2015-05-19,2127.8251
2015-05-20,2125.8488
2015-05-21,2130.8169
2015-05-22,2126.0614
2015-05-26,2104.1994
2015-05-27,2123.4759
2015-05-28,2120.7898
2015-05-29,2107.3896
2015-06-01,2111.7316
2015-06-02,2109.5972
2015-06-03,2114.0674
2015-06-04,2095.8441
2015-06-05,2092.8309
2015-06-08,2079.2804
2015-06-09,2080.1521
2015-06-10,2105.2023
2015-06-11,2108.8562
2015-06-12,2094.1057
2015-06-15,2084.4253
2015-06-16,2096.2924
2015-06-17,2100.4437
2015-06-18,2121.2354
2015-06-19,2109.9883
2015-06-22,2122.8468
2015-06-23,2124.1985
2015-06-24,2108.5781
2015-06-25,2102.3121
2015-06-26,2101.4874
2015-06-29,2057.6411
2015-06-30,2063.1118
2015-07-01,2077.4243
2015-07-02,2076.7757
2015-07-06,2068.7566
2015-07-07,2081.3409
2015-07-08,2046.684
2015-07-09,2051.3114
2015-07-10,2076.6184
2015-07-13,2099.5992
2015-07-14,2108.955
2015-07-15,2107.403
2015-07-16,2124.2865
2015-07-17,2126.6439
2015-07-20,2128.2836
2015-07-21,2119.21
2015-07-22,2114.1512
2015-07-23,2102.148
2015-07-24,2079.6492
2015-07-27,2067.6418
2015-07-28,2093.2533
2015-07-29,2108.5686
2015-07-30,2108.63
2015-07-31,2103.8354
2015-08-03,2098.0397
2015-08-04,2093.3239
2015-08-05,2099.8422
2015-08-06,2083.5585
2015-08-07,2077.5684
2015-08-10,2104.1825
2015-08-11,2084.0735
2015-08-12,2086.0464
2015-08-13,2083.3873
2015-08-14,2091.5436
2015-08-17,2102.4364
2015-08-18,2096.9194
2015-08-19,2079.6107
2015-08-20,2035.7341
2015-08-21,1970.8891
2015-08-24,1893.2139
2015-08-25,1867.6109
2015-08-26,1940.5107
2015-08-27,1987.6625
2015-08-28,1988.8714
2015-08-31,1972.1847
2015-09-01,1913.8527
2015-09-02,1948.8626
2015-09-03,1951.1278
2015-09-04,1921.2244
2015-09-08,1969.4145
2015-09-09,1942.0378
2015-09-10,1952.2868
2015-09-11,1961.0457
2015-09-14,1953.0261
2015-09-15,1978.0867
2015-09-16,1995.3107
2015-09-17,1990.2043
2015-09-18,1958.0328
2015-09-21,1966.9703
2015-09-22,1942.7441
2015-09-23,1938.7593
2015-09-24,1932.2412
2015-09-25,1931.3399
2015-09-28,1881.769
2015-09-29,1884.0852
2015-09-30,1920.0266
2015-10-01,1923.8201
2015-10-02,1951.3598
2015-10-05,1987.0541
2015-10-06,1979.915
2015-10-07,1995.8265
2015-10-08,2013.4309
2015-10-09,2014.8926
2015-10-12,2017.4562
2015-10-13,2003.6903
2015-10-14,1994.2424
2015-10-15,2023.8618
2015-10-16,2033.1104
2015-10-19,2033.6644
2015-10-20,2030.7672
2015-10-21,2018.941
2015-10-22,2052.5088
2015-10-23,2075.1513
2015-10-26,2071.1815
2015-10-27,2065.8923
2015-10-28,2090.3539
2015-10-29,2089.4074
2015-10-30,2079.3598
2015-11-02,2104.049
2015-11-03,2109.7875
2015-11-04,2102.3137
2015-11-05,2099.9291
2015-11-06,2099.2035
2015-11-09,2078.58
2015-11-10,2081.7172
2015-11-11,2075.0032
2015-11-12,2045.9656
2015-11-13,2023.0394
2015-11-16,2053.185
2015-11-17,2050.4359
2015-11-18,2083.581
2015-11-19,2081.2377
2015-11-20,2089.1662
2015-11-23,2086.59
2015-11-24,2089.1399
2015-11-25,2088.8726
2015-11-27,2090.1068
2015-11-30,2080.4068
2015-12-01,2102.6327
2015-12-02,2079.5062
2015-12-03,2049.6156
2015-12-04,2091.6874
2015-12-07,2077.0716
2015-12-08,2063.5936
2015-12-09,2047.6232
2015-12-10,2052.2323
2015-12-11,2012.3737
2015-12-14,2021.9396
2015-12-15,2043.409
2015-12-16,2073.0661
2015-12-17,2041.8879
2015-12-18,2005.5497
2015-12-21,2021.15
2015-12-22,2038.9675
2015-12-23,2064.292
2015-12-24,2060.9883
2015-12-28,2056.5007
2015-12-29,2078.3619
2015-12-30,2063.3552
2015-12-31,2043.9369
2016-01-04,2012.6594
2016-01-05,2016.7144
2016-01-06,1990.2623
2016-01-07,1943.0937
2016-01-08,1922.0348
2016-01-11,1923.6748
2016-01-12,1938.6789
2016-01-13,1890.2789
2016-01-14,1921.8358
2016-01-15,1880.3278
2016-01-19,1881.3332
2016-01-20,1859.3285
2016-01-21,1868.9863
2016-01-22,1906.9041
2016-01-25,1877.0776
2016-01-26,1903.6306
2016-01-27,1882.9463
2016-01-28,1893.3567
2016-01-29,1940.2397
2016-02-01,1939.3793
2016-02-02,1903.0315
2016-02-03,1912.5336
2016-02-04,1915.4468
2016-02-05,1880.0539
2016-02-08,1853.435
2016-02-09,1852.2098
2016-02-10,1851.863
2016-02-11,1829.0783
2016-02-12,1864.7753
2016-02-16,1895.5774
2016-02-17,1926.825
2016-02-18,1917.8338
2016-02-19,1917.7836
2016-02-22,1945.5
2016-02-23,1921.2684
2016-02-24,1929.7977
2016-02-25,1951.7007
2016-02-26,1948.0539
2016-02-29,1932.2264
2016-03-01,1978.3481
2016-03-02,1986.4548
2016-03-03,1993.4021
2016-03-04,1999.9872
2016-03-07,2001.7588
2016-03-08,1979.2607
2016-03-09,1989.265
2016-03-10,1989.5683
2016-03-11,2022.1896
2016-03-14,2019.6401
2016-03-15,2015.9279
2016-03-16,2027.2174
2016-03-17,2040.5912
2016-03-18,2049.5768
2016-03-21,2051.6002
2016-03-22,2049.8035
2016-03-23,2036.7128
2016-03-24,2035.9359
2016-03-28,2037.0495
2016-03-29,2055.0136
2016-03-30,2063.9456
2016-03-31,2059.7412
2016-04-01,2072.7791
2016-04-04,2066.1294
2016-04-05,2045.1668
2016-04-06,2066.6648
2016-04-07,2041.9119
2016-04-08,2047.5971
2016-04-11,2041.986
2016-04-12,2061.7184
2016-04-13,2082.4206
2016-04-14,2082.7831
2016-04-15,2080.733
2016-04-18,2094.3403
2016-04-19,2100.7987
2016-04-20,2102.3967
2016-04-21,2091.4837
2016-04-22,2091.5801
2016-04-25,2087.7945
2016-04-26,2091.6985
2016-04-27,2095.1544
2016-04-28,2075.8107
2016-04-29,2065.2963
2016-05-02,2081.4302
2016-05-03,2063.3669
2016-05-04,2051.1213
2016-05-05,2050.6287
2016-05-06,2057.1424
2016-05-09,2058.6911
2016-05-10,2084.3861
2016-05-11,2064.4619
2016-05-12,2064.1075
2016-05-13,2046.6129
2016-05-16,2066.6572
2016-05-17,2047.2058
2016-05-18,2047.6272
2016-05-19,2040.0399
2016-05-20,2052.3181
2016-05-23,2048.0433
2016-05-24,2076.0578
2016-05-25,2090.543
2016-05-26,2090.101
2016-05-27,2099.0605
2016-05-31,2096.9642
2016-06-01,2099.33
2016-06-02,2105.2643
2016-06-03,2099.1286
2016-06-06,2109.4068
2016-06-07,2112.1271
2016-06-08,2119.1183
2016-06-09,2115.4778
2016-06-10,2096.071
2016-06-13,2079.059
2016-06-14,2075.316
2016-06-15,2071.5023
2016-06-16,2077.9939
2016-06-17,2071.2197
2016-06-20,2083.249
2016-06-21,2088.8995
2016-06-22,2085.4497
2016-06-23,2113.3207
2016-06-24,2037.4052
2016-06-27,2000.5353
2016-06-28,2036.0912
2016-06-29,2070.7713
2016-06-30,2098.8552
2016-07-01,2102.9535
2016-07-05,2088.546
2016-07-06,2099.7343
2016-07-07,2097.8998
2016-07-08,2129.898
2016-07-11,2137.1597
2016-07-12,2152.1414
2016-07-13,2152.4257
2016-07-14,2163.7475
2016-07-15,2161.7413
2016-07-18,2166.8905
2016-07-19,2163.7811
2016-07-20,2173.0172
2016-07-21,2165.1683
2016-07-22,2175.0291
2016-07-25,2168.4791
2016-07-26,2169.1752
2016-07-27,2166.5804
2016-07-28,2170.0563
2016-07-29,2173.6039
2016-08-01,2170.8364
2016-08-02,2157.0286
2016-08-03,2163.7937
2016-08-04,2164.2521
2016-08-05,2182.8684
2016-08-08,2180.8852
2016-08-09,2181.7357
2016-08-10,2175.4865
2016-08-11,2185.7931
2016-08-12,2184.0509
2016-08-15,2190.1494
2016-08-16,2178.1495
2016-08-17,2182.2189
2016-08-18,2187.0249
2016-08-19,2183.8682
2016-08-22,2182.6395
2016-08-23,2186.9018
2016-08-24,2175.437
2016-08-25,2172.4656
2016-08-26,2169.0402
2016-08-29,2180.3774
2016-08-30,2176.1226
2016-08-31,2170.947
2016-09-01,2170.8633
2016-09-02,2179.9842
2016-09-06,2186.4767
2016-09-07,2186.1587
2016-09-08,2181.2996
2016-09-09,2127.8056
2016-09-12,2159.0397
2016-09-13,2127.0204
2016-09-14,2125.7695
2016-09-15,2147.262
2016-09-16,2139.1646
2016-09-19,2139.1154
2016-09-20,2139.7568
2016-09-21,2163.1176
2016-09-22,2177.1822
2016-09-23,2164.6948
2016-09-26,2146.0974
2016-09-27,2159.928
2016-09-28,2171.3693
2016-09-29,2151.1315
2016-09-30,2168.2721
2016-10-03,2161.1967
2016-10-04,2150.4896
2016-10-05,2159.728
2016-10-06,2160.7718
2016-10-07,2153.7394
2016-10-10,2163.6607
2016-10-11,2136.7262
2016-10-12,2139.1764
2016-10-13,2132.5465
2016-10-14,2132.9785
2016-10-17,2126.5033
2016-10-18,2139.6041
2016-10-19,2144.2903
2016-10-20,2141.3439
2016-10-21,2141.1619
2016-10-24,2151.3326
2016-10-25,2143.1597
2016-10-26,2139.427
2016-10-27,2133.0355
2016-10-28,2126.4076
2016-10-31,2126.1533
2016-11-01,2111.7226
2016-11-02,2097.9438
2016-11-03,2088.6636
2016-11-04,2085.1764
2016-11-07,2131.5236
2016-11-08,2139.563
2016-11-09,2163.2579
2016-11-10,2167.4781
2016-11-11,2164.4508
2016-11-14,2164.2033
2016-11-15,2180.3888
2016-11-16,2176.9409
2016-11-17,2187.1211
2016-11-18,2181.9018
2016-11-21,2198.1827
2016-11-22,2202.9368
2016-11-23,2204.7229
2016-11-25,2213.3486
2016-11-28,2201.7205
2016-11-29,2204.6617
2016-11-30,2198.8104
2016-12-01,2191.083
2016-12-02,2191.9537
2016-12-05,2204.7054
2016-12-06,2212.2308
2016-12-07,2241.3546
2016-12-08,2246.1878
2016-12-09,2259.5287
2016-12-12,2256.9632
2016-12-13,2271.7208
2016-12-14,2253.2786
2016-12-15,2262.0312
2016-12-16,2258.0724
2016-12-19,2262.5322
2016-12-20,2270.7617
2016-12-21,2265.1799
2016-12-22,2260.9572
2016-12-23,2263.7887
2016-12-27,2268.8755
2016-12-28,2249.9226
2016-12-29,2249.2568
2016-12-30,2238.8267
2017-01-03,2257.828
2017-01-04,2270.7525
2017-01-05,2268.9985
2017-01-06,2276.9814
2017-01-09,2268.9042
2017-01-10,2268.8995
2017-01-11,2275.3159
2017-01-12,2270.4429
2017-01-13,2274.6377
2017-01-17,2267.8886
2017-01-18,2271.8894
2017-01-19,2263.6868
2017-01-20,2271.3147
2017-01-23,2265.2002
2017-01-24,2280.0742
2017-01-25,2298.3674
2017-01-26,2296.6808
2017-01-27,2294.6897
2017-01-30,2280.8963
2017-01-31,2278.8669
2017-02-01,2279.5543
2017-02-02,2280.8504
2017-02-03,2297.4159
2017-02-06,2292.5584
2017-02-07,2293.0811
2017-02-08,2294.6686
2017-02-09,2307.8746
2017-02-10,2316.0971
2017-02-13,2328.2533
2017-02-14,2337.5846
2017-02-15,2349.2474
2017-02-16,2347.2235
2017-02-17,2351.1617
2017-02-21,2365.3827
2017-02-22,2362.8215
2017-02-23,2363.8067
2017-02-24,2367.3442
2017-02-27,2369.7503
2017-02-28,2363.6382
2017-03-01,2395.9571
2017-03-02,2381.9182
2017-03-03,2383.117
2017-03-06,2375.3111
2017-03-07,2368.3942
2017-03-08,2362.977
2017-03-09,2364.8698
2017-03-10,2372.5978
2017-03-13,2373.473
2017-03-14,2365.4549
2017-03-15,2385.2645
2017-03-16,2381.3822
2017-03-17,2378.2531
2017-03-20,2373.4716
2017-03-21,2344.0171
2017-03-22,2348.4488
2017-03-23,2345.9622
2017-03-24,2343.9781
2017-03-27,2341.5906
2017-03-28,2358.5665
2017-03-29,2361.133
2017-03-30,2368.0606
2017-03-31,2362.7182
2017-04-03,2358.8351
2017-04-04,2360.1557
2017-04-05,2352.9482
2017-04-06,2357.4891
2017-04-07,2355.545
2017-04-10,2357.1634
2017-04-11,2353.777
2017-04-12,2344.9263
2017-04-13,2328.9533
2017-04-17,2349.0102
2017-04-18,2342.1878
2017-04-19,2338.166
2017-04-20,2355.8441
2017-04-21,2348.695
2017-04-24,2374.1507
2017-04-25,2388.6149
2017-04-26,2387.4479
2017-04-27,2388.7688
2017-04-28,2384.1955
2017-05-01,2388.3272
2017-05-02,2391.1659
2017-05-03,2388.1349
2017-05-04,2389.5217
2017-05-05,2399.2857
2017-05-08,2399.3773
2017-05-09,2396.9194
2017-05-10,2399.63
2017-05-11,2394.4398
2017-05-12,2390.8972
2017-05-15,2402.3203
2017-05-16,2400.6742
2017-05-17,2357.0322
2017-05-18,2365.724
2017-05-19,2381.7267
2017-05-22,2394.0241
2017-05-23,2398.4186
2017-05-24,2404.387
2017-05-25,2415.0657
2017-05-26,2415.8225
2017-05-30,2412.9066
2017-05-31,2411.7973
2017-06-01,2430.0611
2017-06-02,2439.0702
2017-06-05,2436.0962
2017-06-06,2429.3273
2017-06-07,2433.1374
2017-06-08,2433.7906
2017-06-09,2431.7724
2017-06-12,2429.3913
2017-06-13,2440.3475
2017-06-14,2437.9205
2017-06-15,2432.4591
2017-06-16,2433.1508
2017-06-19,2453.4586
2017-06-20,2437.0281
2017-06-21,2435.6117
2017-06-22,2434.4974
2017-06-23,2438.2969
2017-06-26,2439.0655
2017-06-27,2419.3759
2017-06-28,2440.6903
2017-06-29,2419.6971
2017-06-30,2423.4089
2017-07-03,2429.0149
2017-07-05,2432.5423
2017-07-06,2409.7498
2017-07-07,2425.177
2017-07-10,2427.4345
2017-07-11,2425.5262
2017-07-12,2443.2512
2017-07-13,2447.8343
2017-07-14,2459.271
2017-07-17,2459.1407
2017-07-18,2460.6104
2017-07-19,2473.8278
2017-07-20,2473.4494
2017-07-21,2472.5359
2017-07-24,2469.9119
2017-07-25,2477.1254
2017-07-26,2477.8305
2017-07-27,2475.4209
2017-07-28,2472.0985
2017-07-31,2470.3
2017-08-01,2476.3472
2017-08-02,2477.5681
2017-08-03,2472.1576
2017-08-04,2476.831
2017-08-07,2480.912
2017-08-08,2474.9188
2017-08-09,2474.0171
2017-08-10,2438.2097
2017-08-11,2441.3202
2017-08-14,2465.8358
2017-08-15,2464.61
2017-08-16,2468.1073
2017-08-17,2430.0079
2017-08-18,2425.5522
2017-08-21,2428.368
2017-08-22,2452.5103
2017-08-23,2444.0432
2017-08-24,2438.9681
2017-08-25,2443.0458
2017-08-28,2444.2403
2017-08-29,2446.2955
2017-08-30,2457.5858
2017-08-31,2471.6502
2017-09-01,2476.5524
2017-09-05,2457.8499
2017-09-06,2465.5436
2017-09-07,2465.1021
2017-09-08,2461.4336
2017-09-11,2488.108
2017-09-12,2496.4836
2017-09-13,2498.3708
2017-09-14,2495.6192
2017-09-15,2500.2259
2017-09-18,2503.8696
2017-09-19,2506.6479
2017-09-20,2508.236
2017-09-21,2500.6026
2017-09-22,2502.2222
2017-09-25,2496.6606
2017-09-26,2496.8409
2017-09-27,2507.0433
2017-09-28,2510.062
2017-09-29,2519.3597
2017-10-02,2529.1153
2017-10-03,2534.5797
2017-10-04,2537.7412
2017-10-05,2552.0654
2017-10-06,2549.3315
2017-10-09,2544.7286
2017-10-10,2550.6424
2017-10-11,2555.2408
2017-10-12,2550.933
2017-10-13,2553.1694
2017-10-16,2557.6397
2017-10-17,2559.3563
2017-10-18,2561.2645
2017-10-19,2562.1038
2017-10-20,2575.2059
2017-10-23,2564.9785
2017-10-24,2569.1343
2017-10-25,2557.151
2017-10-26,2560.3992
2017-10-27,2581.0657
2017-10-30,2572.8336
2017-10-31,2575.2638
2017-11-01,2579.3558
2017-11-30,2647.5799
2017-12-01,2642.2158
2017-12-04,2639.437
2017-12-05,2629.5708
2017-12-06,2629.2669
2017-12-07,2636.9765
2017-12-08,2651.501
2017-12-11,2659.9896
2017-12-12,2664.1057
2017-12-13,2662.8452
2017-12-14,2652.0124
2017-12-15,2675.808
2017-12-18,2690.1583
2017-12-19,2681.4736
2017-12-20,2679.2481
2017-12-21,2684.5692
2017-12-22,2683.3373
2017-12-26,2680.5045
2017-12-27,2682.6199
2017-12-28,2687.5378
2017-12-29,2673.6105
2018-01-02,2695.8098
2018-01-03,2713.061
2018-01-04,2723.9926
2018-01-05,2743.1478
2018-01-08,2747.7102
2018-01-09,2751.2852
2018-01-10,2748.2255
2018-01-11,2767.5581
2018-01-12,2786.2441
2018-01-16,2776.42
2018-01-17,2802.5556
2018-01-18,2798.0303
2018-01-19,2810.3027
2018-01-22,2832.9741
2018-01-23,2839.1304
2018-01-24,2837.544
2018-01-25,2839.253
2018-01-26,2872.8678
2018-01-29,2853.5284
2018-01-30,2822.4339
2018-01-31,2823.8099
2018-02-01,2821.9759
2018-02-02,2762.1253
2018-02-05,2648.9391
2018-02-06,2695.1442
2018-02-07,2681.6601
2018-02-08,2580.9995
2018-02-09,2619.5456
2018-02-12,2655.9975
2018-02-13,2662.9429
2018-02-14,2698.6337
2018-02-15,2731.2041
2018-02-16,2732.2198
2018-02-20,2716.2555
2018-02-21,2701.3288
2018-02-22,2703.9613
2018-02-23,2747.2985
2018-02-26,2779.596
2018-02-27,2744.2807
2018-02-28,2713.8305
2018-03-01,2677.6709
2018-03-02,2691.2528
2018-03-05,2720.9409
2018-03-06,2728.122
2018-03-07,2726.8014
2018-03-08,2738.9694
2018-03-09,2786.5651
2018-03-12,2783.0193
2018-03-13,2765.3095
2018-03-14,2749.4823
2018-03-15,2747.3298
2018-03-16,2752.0118
2018-03-19,2712.9174
2018-03-20,2716.9422
2018-03-21,2711.9281
2018-03-22,2643.6922
2018-03-23,2588.2628
2018-03-26,2658.5542
2018-03-27,2612.6246
2018-03-28,2604.9975
2018-03-29,2640.866
2018-04-02,2581.8816
2018-04-03,2614.4457
2018-04-04,2644.688
2018-04-05,2662.8362
2018-04-06,2604.4694
2018-04-09,2613.1588
2018-04-10,2656.868
2018-04-11,2642.1902
2018-04-12,2663.9948
2018-04-13,2656.2969
2018-04-16,2677.8396
2018-04-17,2706.3851
2018-04-18,2708.639
2018-04-19,2693.1257
2018-04-20,2670.1418
2018-04-23,2670.2905
2018-04-24,2634.5565
2018-04-25,2639.395
2018-04-26,2666.9428
2018-04-27,2669.9063
2018-04-30,2648.0494
2018-05-01,2654.8007
2018-05-02,2635.6685
2018-05-03,2629.7256
2018-05-04,2663.4203
2018-05-07,2672.6285
2018-05-08,2671.9183
2018-05-09,2697.7915
2018-05-10,2723.0689
2018-05-11,2727.7159
2018-05-14,2730.1325
2018-05-15,2711.4455
2018-05-16,2722.4623
2018-05-17,2720.1272
2018-05-18,2712.9747
2018-05-21,2733.0108
2018-05-22,2724.444
2018-05-23,2733.2893
2018-05-24,2727.7632
2018-05-25,2721.328
2018-05-29,2689.8572
2018-05-30,2724.0099
2018-05-31,2705.2748
2018-06-01,2734.6189
2018-06-04,2746.8711
2018-06-05,2748.7952
2018-06-06,2772.3458
2018-06-07,2770.372
2018-06-08,2779.0286
2018-06-11,2782.0049
2018-06-12,2786.8525
2018-06-13,2775.6268
2018-06-14,2782.4894
2018-06-15,2779.663
2018-06-18,2773.745
2018-06-19,2762.5946
2018-06-20,2767.3179
2018-06-21,2749.758
2018-06-22,2754.877
2018-06-25,2717.0742
2018-06-26,2723.0589
2018-06-27,2699.6262
2018-06-28,2716.3099
2018-06-29,2718.3735
2018-07-02,2726.7138
2018-07-03,2713.2209
2018-07-05,2736.6126
2018-07-06,2759.8219
2018-07-09,2784.1732
2018-07-10,2793.8392
2018-07-11,2774.0175
2018-07-12,2798.2869
2018-07-13,2801.3114
2018-07-16,2798.4346
2018-07-17,2809.5516
2018-07-18,2815.6198
2018-07-19,2804.4934
2018-07-20,2801.8281
2018-07-23,2806.9829
2018-07-24,2820.4041
2018-07-25,2846.067
2018-07-26,2837.44
2018-07-27,2818.8176
2018-07-30,2802.6014
2018-07-31,2816.2886
2018-08-01,2813.3649
2018-08-02,2827.2183
2018-08-03,2840.3536
2018-08-06,2850.3966
2018-08-07,2858.4515
2018-08-08,2857.7045
2018-08-09,2853.5839
2018-08-10,2833.2836
2018-08-13,2821.9282
2018-08-14,2839.9554
2018-08-15,2818.373
2018-08-16,2840.688
2018-08-17,2850.1316
2018-08-20,2857.054
2018-08-21,2862.957
2018-08-22,2861.8246
2018-08-23,2856.9805
2018-08-24,2874.6891
2018-08-27,2896.7356
2018-08-28,2897.522
2018-08-29,2914.0414
2018-08-30,2901.1266
2018-08-31,2901.5177
2018-09-04,2896.7233
2018-09-05,2888.6018
2018-09-06,2878.0524
2018-09-07,2871.6815
2018-09-10,2877.1261
2018-09-11,2887.8938
2018-09-12,2888.9167
2018-09-13,2904.1839
2018-09-14,2904.9754
2018-09-17,2888.8011
2018-09-18,2904.3106
2018-09-19,2907.9454
2018-09-20,2930.7462
2018-09-21,2929.6672
2018-09-24,2919.3731
2018-09-25,2915.5643
2018-09-26,2905.9656
2018-09-27,2913.9982
2018-09-28,2913.9781
2018-10-01,2924.5909
2018-10-02,2923.4335
2018-10-03,2925.513
2018-10-04,2901.6115
2018-10-05,2885.5663
2018-10-08,2884.4327
2018-10-09,2880.3437
2018-10-10,2785.6792
2018-10-11,2728.3663
2018-10-12,2767.126
2018-10-15,2750.786
2018-10-16,2809.9157
2018-10-17,2809.2091
2018-10-18,2768.7846
2018-10-19,2767.7805
2018-10-22,2755.8838
2018-10-23,2740.6924
2018-10-24,2656.1032
2018-10-25,2705.5683
2018-10-26,2658.6851
2018-10-29,2641.2451
2018-10-30,2682.631
2018-10-31,2711.7444
2018-11-01,2740.3725
2018-11-02,2723.0583
2018-11-05,2738.3137
2018-11-06,2755.4508
2018-11-07,2813.8948
2018-11-08,2806.831
2018-11-09,2781.0092
2018-11-12,2726.2158
2018-11-13,2722.182
2018-11-14,2701.5761
2018-11-15,2730.2025
2018-11-16,2736.269
2018-11-19,2690.7312
2018-11-20,2641.8903
2018-11-21,2649.9291
2018-11-23,2632.5566
2018-11-26,2673.4474
2018-11-27,2682.1697
2018-11-28,2743.7852
2018-11-29,2737.7603
2018-11-30,2760.1743
2018-12-03,2790.3695
2018-12-04,2700.0644
2018-12-06,2695.9454
2018-12-07,2633.0788
2018-12-10,2637.7231
2018-12-11,2636.7838
2018-12-12,2651.0677
2018-12-13,2650.5352
2018-12-14,2599.9543
2018-12-17,2545.9398
2018-12-18,2546.1611
2018-12-19,2506.9552
2018-12-20,2467.4185
2018-12-21,2416.6184
2018-12-24,2351.0995
2018-12-26,2467.7041
2018-12-27,2488.8274
2018-12-28,2485.7352
2018-12-31,2506.8472
2019-01-02,2510.0301
2019-01-03,2447.8934
2019-01-04,2531.9434
2019-01-07,2549.69
2019-01-08,2574.411
2019-01-09,2584.9637
2019-01-10,2596.6405
2019-01-11,2596.2573
2019-01-14,2582.6139
2019-01-15,2610.3026
2019-01-16,2616.0971
2019-01-17,2635.9567
2019-01-18,2670.7117
2019-01-22,2632.9039
2019-01-23,2638.6968
2019-01-24,2642.3326
2019-01-25,2664.7605
2019-01-28,2643.8457
2019-01-29,2640.0047
2019-01-30,2681.0511
2019-01-31,2704.1006
2019-02-01,2706.5335
2019-02-04,2724.8669
2019-02-05,2737.7021
2019-02-06,2731.615
2019-02-07,2706.0544
2019-02-08,2707.8804
2019-02-11,2709.8039
2019-02-12,2744.7335
2019-02-13,2753.0335
2019-02-14,2745.7298
2019-02-15,2775.5971
2019-02-19,2779.7581
2019-02-20,2784.6962
2019-02-21,2774.8761
2019-02-22,2792.671
2019-02-25,2796.1065
2019-02-26,2793.8986
2019-02-27,2792.3801
2019-02-28,2784.4914
2019-03-01,2803.6944
2019-03-04,2792.8109
2019-03-05,2789.651
2019-03-06,2771.4476
2019-03-07,2748.9258
2019-03-08,2743.0677
2019-03-11,2783.295
2019-03-12,2791.5223
2019-03-13,2810.9175
2019-03-14,2808.4828
2019-03-15,2822.4766
2019-03-18,2832.9406
2019-03-19,2832.5674
2019-03-20,2824.2258
2019-03-21,2854.8767
2019-03-22,2800.7124
2019-03-25,2798.3616
2019-03-26,2818.4579
2019-03-27,2805.3732
2019-03-28,2815.4373
2019-03-29,2834.3998
2019-04-01,2867.1939
2019-04-02,2867.2364
2019-04-03,2873.3991
2019-04-04,2879.3908
2019-04-05,2892.7444
2019-04-08,2895.7706
2019-04-09,2878.2006
2019-04-10,2888.2104
2019-04-11,2888.3195
2019-04-12,2907.4144
2019-04-15,2905.5833
2019-04-16,2907.0575
2019-04-17,2900.4531
2019-04-18,2905.0325
2019-04-22,2907.9727
2019-04-23,2933.6758
2019-04-24,2927.2524
2019-04-25,2926.1731
2019-04-26,2939.8817
2019-04-29,2943.0269
2019-04-30,2945.8309
2019-05-01,2923.7319
2019-05-02,2917.5164
2019-05-03,2945.6378
2019-05-06,2932.4738
2019-05-07,2884.0503
2019-05-08,2879.4196
2019-05-09,2870.7171
2019-05-10,2881.4005
2019-05-13,2811.8654
2019-05-14,2834.4068
2019-05-15,2850.9645
2019-05-16,2876.3169
2019-05-17,2859.5323
2019-05-20,2840.2331
2019-05-21,2864.3594
2019-05-22,2856.2742
2019-05-23,2822.241
2019-05-24,2826.0647
2019-05-28,2802.3852
2019-05-29,2783.0183
2019-05-30,2788.8649
2019-05-31,2752.0629
2019-06-03,2744.4464
2019-06-04,2803.2725
2019-06-05,2826.1506
2019-06-06,2843.4904
2019-06-07,2873.342
2019-06-10,2886.7341
2019-06-11,2885.7221
2019-06-12,2879.8365
2019-06-13,2891.6405
2019-06-14,2886.9832
2019-06-17,2889.67
2019-06-18,2917.7508
2019-06-19,2926.4558
2019-06-20,2954.1819
2019-06-21,2950.455
2019-06-24,2945.3488
2019-06-25,2917.3831
2019-06-26,2913.7788
2019-06-27,2924.9212
2019-06-28,2941.7606
2019-07-01,2964.3328
2019-07-02,2973.0119
2019-07-03,2995.8226
2019-07-05,2990.4096
2019-07-08,2975.9455
2019-07-09,2979.6258
2019-07-10,2993.07
2019-07-11,2999.9069
2019-07-12,3013.7726
2019-07-15,3014.2979
2019-07-16,3004.0431
2019-07-17,2984.4235
2019-07-18,2995.1125
2019-07-19,2976.6091
2019-07-22,2985.0312
2019-07-23,3005.4735
2019-07-24,3019.5566
2019-07-25,3003.6713
2019-07-26,3025.8591
2019-07-29,3020.9681
2019-07-30,3013.1819
2019-07-31,2980.3789
2019-08-01,2953.5601
2019-08-02,2932.0452
2019-08-05,2844.7427
2019-08-06,2881.7741
2019-08-07,2883.9844
2019-08-08,2938.0945
2019-08-09,2918.6456
2019-08-12,2883.7495
2019-08-13,2926.3248
2019-08-14,2840.5983
2019-08-15,2847.5951
2019-08-16,2888.678
2019-08-19,2923.6482
2019-08-20,2900.5103
2019-08-21,2924.4303
2019-08-22,2922.9524
2019-08-23,2847.111
2019-08-26,2878.3839
2019-08-27,2869.1561
2019-08-28,2887.9388
2019-08-29,2924.5771
2019-08-30,2926.4581
2019-09-03,2906.2711
2019-09-04,2937.779
2019-09-05,2975.9974
2019-09-06,2978.7078
2019-09-09,2978.4338
2019-09-10,2979.3855
2019-09-11,3000.9264
2019-09-12,3009.5719
2019-09-13,3007.3874
2019-09-16,2997.9596
2019-09-17,3005.6965
2019-09-18,3006.73
2019-09-19,3006.7908
2019-09-20,2992.0723
2019-09-23,2991.779
2019-09-24,2966.596
2019-09-25,2984.8683
2019-09-26,2977.6174
2019-09-27,2961.7931
2019-09-30,2976.7373
2019-10-01,2940.2486
2019-10-02,2887.6065
2019-10-03,2910.634
2019-10-04,2952.0076
2019-10-07,2938.7894
2019-10-08,2893.0556
2019-10-09,2919.4001
2019-10-10,2938.1324
2019-10-11,2970.2695
2019-10-14,2966.1505
2019-10-15,2995.6831
2019-10-16,2989.6938
2019-10-17,2997.9529
2019-10-18,2986.2035
2019-10-21,3006.7243
2019-10-22,2995.993
2019-10-23,3004.5243
2019-10-24,3010.2853
2019-10-25,3022.5496
2019-10-28,3039.4199
2019-10-29,3036.8922
2019-10-30,3046.7662
2019-10-31,3037.5644
2019-11-01,3066.9147
2019-11-04,3078.2697
2019-11-05,3074.6159
2019-11-06,3076.7753
2019-11-07,3085.1819
2019-11-08,3093.0848
2019-11-11,3087.005
2019-11-12,3091.839
2019-11-13,3094.0353
2019-11-14,3096.6331
2019-11-15,3120.4604
2019-11-18,3122.028
2019-11-19,3120.1813
2019-11-20,3108.4582
2019-11-21,3103.5369
2019-11-22,3110.2883
2019-11-25,3133.6428
2019-11-26,3140.5199
2019-11-27,3153.6281
2019-11-29,3140.9806
2019-12-02,3113.8736
2019-12-03,3093.2009
2019-12-04,3112.7563
2019-12-05,3117.4286
2019-12-06,3145.911
2019-12-09,3135.9614
2019-12-10,3132.5186
2019-12-11,3141.6267
2019-12-12,3168.5692
2019-12-13,3168.7996
2019-12-16,3191.449
2019-12-17,3192.5186
2019-12-18,3191.142
2019-12-19,3205.3684
2019-12-20,3221.2246
2019-12-23,3224.0099
2019-12-24,3223.3757
2019-12-26,3239.9071
2019-12-27,3240.0204
2019-12-30,3221.2918
2019-12-31,3230.782
2020-01-02,3257.8478
2020-01-03,3234.8486
2020-01-06,3246.2826
2020-01-07,3237.1825
2020-01-08,3253.0459
2020-01-09,3274.7042
2020-01-10,3265.3511
2020-01-13,3288.1335
2020-01-14,3283.1524
2020-01-15,3289.2926
2020-01-16,3316.8059
2020-01-17,3329.6227
2020-01-21,3320.7908
2020-01-22,3321.7469
2020-01-23,3325.5428
2020-01-24,3295.4734
2020-01-27,3243.6282
2020-01-28,3276.2434
2020-01-29,3273.4026
2020-01-30,3283.659
2020-01-31,3225.5163
2020-02-03,3248.925
2020-02-04,3297.5882
2020-02-05,3334.6943
2020-02-06,3345.7809
2020-02-07,3327.7069
2020-02-10,3352.094
2020-02-11,3357.7473
2020-02-12,3379.4522
2020-02-13,3373.9374
2020-02-14,3380.1574
2020-02-18,3370.2865
2020-02-19,3386.1527
2020-02-20,3373.2315
2020-02-21,3337.747
2020-02-24,3225.8864
2020-02-25,3128.2066
2020-02-26,3116.3898
2020-02-27,2978.7578
2020-02-28,2954.2237
2020-03-02,3090.2328
2020-03-03,3003.3652
2020-03-04,3130.1169
2020-03-05,3023.9403
2020-03-06,2972.3719
2020-03-09,2746.5596
2020-03-10,2882.2255
2020-03-11,2741.3836
2020-03-12,2480.6411
2020-03-13,2711.0217
2020-03-16,2386.1339
2020-03-17,2529.1942
2020-03-18,2398.0952
2020-03-19,2409.3866
2020-03-20,2304.9163
2020-03-23,2237.3954
2020-03-24,2447.3304
2020-03-25,2475.5583
2020-03-26,2630.0672
2020-03-27,2541.4697
2020-03-30,2626.6458
2020-03-31,2584.5908
2020-04-01,2470.5044
2020-04-02,2526.9028
2020-04-03,2488.6484
2020-04-06,2663.6838
2020-04-07,2659.4106
2020-04-08,2749.9777
2020-04-09,2789.8173
2020-04-13,2761.6272
2020-04-14,2846.0611
2020-04-15,2783.3621
2020-04-16,2799.5523
2020-04-17,2874.5646
2020-04-20,2823.1564
2020-04-21,2736.5632
2020-04-22,2799.3148
2020-04-23,2797.7966
2020-04-24,2836.7397
2020-04-27,2878.4799
2020-04-28,2863.3918
2020-04-29,2939.5054
2020-04-30,2912.4305
2020-05-01,2830.705
2020-05-04,2842.7391
2020-05-05,2868.4354
2020-05-06,2848.4207
2020-05-07,2881.1914
2020-05-08,2929.8047
2020-05-11,2930.3228
2020-05-12,2870.1174
2020-05-13,2819.9958
2020-05-14,2852.5042
2020-05-15,2863.6975
2020-05-18,2953.9083
2020-05-19,2922.9397
2020-05-20,2971.6122
2020-05-21,2948.5056
2020-05-22,2955.4527
2020-05-26,2991.7651
2020-05-27,3036.1332
2020-05-28,3029.7331
2020-05-29,3044.3052
2020-06-01,3055.7329
2020-06-02,3080.8222
2020-06-03,3122.8702
2020-06-04,3112.3464
2020-06-05,3193.9278
2020-06-08,3232.3857
2020-06-09,3207.1781
2020-06-10,3190.136
2020-06-11,3002.0954
2020-06-12,3041.3123
2020-06-15,3066.5888
2020-06-16,3124.7399
2020-06-17,3113.4891
2020-06-18,3115.3448
2020-06-19,3097.7425
2020-06-22,3117.8608
2020-06-23,3131.2856
2020-06-24,3050.3347
2020-06-25,3083.7577
2020-06-26,3009.0524
2020-06-29,3053.2389
2020-06-30,3100.2851
2020-07-01,3115.8584
2020-07-02,3130.0127
2020-07-06,3179.7188
2020-07-07,3145.318
2020-07-08,3169.9432
2020-07-09,3152.0486
2020-07-10,3185.0423
2020-07-13,3155.2236
2020-07-14,3197.5224
2020-07-15,3226.5593
2020-07-16,3215.574
2020-07-17,3224.7307
2020-07-20,3251.8421
2020-07-21,3257.298
2020-07-22,3276.016
2020-07-23,3235.6632
2020-07-24,3215.6298
2020-07-27,3239.4063
2020-07-28,3218.4352
2020-07-29,3258.439
2020-07-30,3246.2246
2020-07-31,3271.1249
2020-08-03,3294.6134
2020-08-04,3306.5076
2020-08-05,3327.7711
2020-08-06,3349.156
2020-08-07,3351.2832
2020-08-10,3360.4727
2020-08-11,3333.6891
2020-08-12,3380.3498
2020-08-13,3373.4257
2020-08-14,3372.8468
2020-08-17,3381.995
2020-08-18,3389.775
2020-08-19,3374.8503
2020-08-20,3385.5135
2020-08-21,3397.1577
2020-08-24,3431.2821
2020-08-25,3443.6221
2020-08-26,3478.7323
2020-08-27,3484.5503
2020-08-28,3508.0147
2020-08-31,3500.3085
2020-09-01,3526.6513
2020-09-02,3580.8443
2020-09-03,3455.0649
2020-09-04,3426.9639
2020-09-08,3331.8428
2020-09-09,3398.9593
2020-09-10,3339.1851
2020-09-11,3340.9662
2020-09-14,3383.5416
2020-09-15,3401.201
2020-09-16,3385.491
2020-09-17,3357.01
2020-09-18,3319.4658
2020-09-21,3281.059
2020-09-22,3315.5663
2020-09-23,3236.9204
2020-09-24,3246.5876
2020-09-25,3298.4569
2020-09-28,3351.5996
2020-09-29,3335.4749
2020-09-30,3362.999
2020-10-01,3380.7986
2020-10-02,3348.4437
2020-10-05,3408.6268
2020-10-06,3360.9521
2020-10-07,3419.4493
2020-10-08,3446.8284
2020-10-09,3477.1343
2020-10-12,3534.216
2020-10-13,3511.9299
2020-10-14,3488.666
2020-10-15,3483.3414
2020-10-16,3483.8078
2020-10-19,3426.9241
2020-10-20,3443.1168
2020-10-21,3435.5555
2020-10-22,3453.4902
2020-10-23,3465.3872
2020-10-26,3400.9682
2020-10-27,3390.6844
2020-10-28,3271.0274
2020-10-29,3310.1128
2020-10-30,3269.9591
2020-11-30,3621.6334
2020-12-01,3662.4533
2020-12-02,3669.0056
2020-12-03,3666.7161
2020-12-04,3699.1214
2020-12-07,3691.9635
2020-12-08,3702.248
2020-12-09,3672.8197
2020-12-10,3668.1037
2020-12-11,3663.4579
2020-12-14,3647.4932
2020-12-15,3694.6221
2020-12-16,3701.1738
2020-12-17,3722.4822
2020-12-18,3709.4084
2020-12-21,3694.9197
2020-12-22,3687.2605
2020-12-23,3690.0138
2020-12-24,3703.0578
2020-12-28,3735.3557
2020-12-29,3727.0401
2020-12-30,3732.042
2020-12-31,3756.0715
2021-01-04,3700.6468
2021-01-05,3726.8558
2021-01-06,3748.1378
2021-01-07,3803.7904
2021-01-08,3824.6809
2021-01-11,3799.6052
2021-01-12,3801.1911
2021-01-13,3809.8433
2021-01-14,3795.5414
2021-01-15,3768.2463
2021-01-19,3798.9075
2021-01-20,3851.8459
2021-01-21,3853.0733
2021-01-22,3841.4656
2021-01-25,3855.3557
2021-01-26,3849.6213
2021-01-27,3750.7732
2021-01-28,3787.3769
2021-01-29,3714.2427
2021-02-01,3773.8571
2021-02-02,3826.3129
2021-02-03,3830.1725
2021-02-04,3871.7406
2021-02-05,3886.8317
2021-02-08,3915.5886
2021-02-09,3911.2277
2021-02-10,3909.8797
2021-02-11,3916.375
2021-02-12,3934.8337
2021-02-16,3932.5893
2021-02-17,3931.3305
2021-02-18,3913.9713
2021-02-19,3906.7078
2021-02-22,3876.4999
2021-02-23,3881.3689
2021-02-24,3925.4276
2021-02-25,3829.3361
2021-02-26,3811.1497
2021-03-01,3901.8156
2021-03-02,3870.2938
2021-03-03,3819.7165
2021-03-04,3768.4737
2021-03-05,3841.9414
2021-03-08,3821.3467
2021-03-09,3875.4425
2021-03-10,3898.8051
2021-03-11,3939.3384
2021-03-12,3943.3428
2021-03-15,3968.9372
2021-03-16,3962.7075
2021-03-17,3974.1163
2021-03-18,3915.4613
2021-03-19,3913.0992
2021-03-22,3940.5852
2021-03-23,3910.5158
2021-03-24,3889.142
2021-03-25,3909.5155
2021-03-26,3974.5369
2021-03-29,3971.0947
2021-03-30,3958.5523
2021-03-31,3972.8922
2021-04-01,4019.8654
2021-04-05,4077.9137
2021-04-06,4073.9407
2021-04-07,4079.9529
2021-04-08,4097.168
2021-04-09,4128.8021
2021-04-12,4127.9932
2021-04-13,4141.5938
2021-04-14,4124.6606
2021-04-15,4170.4228
2021-04-16,4185.4687
2021-04-19,4163.2581
2021-04-20,4134.9394
2021-04-21,4173.4216
2021-04-22,4134.9817
2021-04-23,4180.1674
2021-04-26,4187.6175
2021-04-27,4186.7182
2021-04-28,4183.183
2021-04-29,4211.4749
2021-04-30,4181.1749
2021-05-03,4192.6576
2021-05-04,4164.659
2021-05-05,4167.5878
2021-05-06,4201.6188
2021-05-07,4232.6014
2021-05-10,4188.4273
2021-05-11,4152.0953
2021-05-12,4063.0379
2021-05-13,4112.496
2021-05-14,4173.8541
2021-05-17,4163.2905
2021-05-18,4127.8298
2021-05-19,4115.6768
2021-05-20,4159.1244
2021-05-21,4155.8578
2021-05-24,4197.0473
2021-05-25,4188.1341
2021-05-26,4195.9936
2021-05-27,4200.8758
2021-05-28,4204.1105
2021-06-01,4202.0416
2021-06-02,4208.1192
2021-06-03,4192.8548
2021-06-04,4229.8906
2021-06-07,4226.5202
2021-06-08,4227.255
2021-06-09,4219.5468
2021-06-10,4239.1842
2021-06-11,4247.4398
2021-06-14,4255.1503
2021-06-15,4246.594
2021-06-16,4223.7042
2021-06-17,4221.8583
2021-06-18,4166.4532
2021-06-21,4224.7878
2021-06-22,4246.435
2021-06-23,4241.836
2021-06-24,4266.4858
2021-06-25,4280.7024
2021-06-28,4290.6078
2021-06-29,4291.8017
2021-06-30,4297.4966
2021-07-01,4319.9401
2021-07-02,4352.3389
2021-07-06,4343.5431
2021-07-07,4358.1332
2021-07-08,4320.8176
2021-07-09,4369.551
2021-07-12,4384.6257
2021-07-13,4369.2098
2021-07-14,4374.2966
2021-07-15,4360.0267
2021-07-16,4327.1582
2021-07-19,4258.4926
2021-07-20,4323.0586
2021-07-21,4358.6933
2021-07-22,4367.4751
2021-07-23,4411.7924
2021-07-26,4422.3035
2021-07-27,4401.4631
2021-07-28,4400.6355
2021-07-29,4419.1488
2021-07-30,4395.264
2021-08-02,4387.1559
2021-08-03,4423.1536
2021-08-04,4402.661
2021-08-05,4429.103
2021-08-06,4436.5178
2021-08-09,4432.353
2021-08-10,4436.7529
2021-08-11,4447.7036
2021-08-12,4460.8319
2021-08-13,4468.0032
2021-08-16,4479.7087
2021-08-17,4448.0754
2021-08-18,4400.2663
2021-08-19,4405.8029
2021-08-20,4441.6652
2021-08-23,4479.5305
2021-08-24,4486.2341
2021-08-25,4496.1909
2021-08-26,4469.9964
2021-08-27,4509.3691
2021-08-30,4528.7937
2021-08-31,4522.6801
2021-09-01,4524.0923
2021-09-02,4536.9462
2021-09-03,4535.4326
2021-09-07,4520.0278
2021-09-08,4514.0685
2021-09-09,4493.2843
2021-09-10,4458.5799
2021-09-13,4468.7263
2021-09-14,4443.0499
2021-09-15,4480.7015
2021-09-16,4473.7528
2021-09-17,4432.9875
2021-09-20,4357.7279
2021-09-21,4354.1889
2021-09-22,4395.6371
2021-09-23,4448.9841
2021-09-24,4455.4779
2021-09-27,4443.1104
2021-09-28,4352.6343
2021-09-29,4359.4611
2021-09-30,4307.5388
2021-10-01,4357.0389
2021-10-04,4300.459
2021-10-05,4345.7162
2021-10-06,4363.5452
2021-10-07,4399.7633
2021-10-08,4391.3381
2021-10-11,4361.1905
2021-10-12,4350.646
2021-10-13,4363.8045
2021-10-14,4438.2644
2021-10-15,4471.3685
2021-10-18,4486.4605
2021-10-19,4519.6306
2021-10-20,4536.1921
2021-10-21,4549.7813
2021-10-22,4544.8983
2021-10-25,4566.478
2021-10-26,4574.7888
2021-10-27,4551.6811
2021-10-28,4596.4151
2021-10-29,4605.3766
2021-11-01,4613.673
2021-11-02,4630.6534
2021-11-03,4660.5696
2021-11-04,4680.0558
2021-11-05,4697.5268
2021-11-08,4701.702
2021-11-09,4685.2512
2021-11-10,4646.7077
2021-11-11,4649.2692
2021-11-12,4682.8474
2021-11-15,4682.8035
2021-11-16,4700.8971
2021-11-17,4688.6707
2021-11-18,4704.5419
2021-11-19,4697.9551
2021-11-22,4682.9439
2021-11-23,4690.6981
2021-11-24,4701.4649
2021-11-26,4594.6183
2021-11-29,4655.2702
2021-11-30,4567.0015
2021-12-01,4513.0362
2021-12-02,4577.1005
2021-12-03,4538.4279
2021-12-06,4591.6718
2021-12-07,4686.7455
2021-12-08,4701.2079
2021-12-09,4667.454
2021-12-10,4712.0241
2021-12-13,4668.9721
2021-12-14,4634.0876
2021-12-15,4709.8539
2021-12-16,4668.6712
2021-12-17,4620.639
2021-12-20,4568.0172
2021-12-21,4649.2266
2021-12-22,4696.5616
2021-12-23,4725.7882
2021-12-27,4791.192
2021-12-28,4786.3541
2021-12-29,4793.0581
2021-12-30,4778.7269
2021-12-31,4766.183
2022-01-03,4796.5612
2022-01-04,4793.5372
2022-01-05,4700.5784
2022-01-06,4696.0538
2022-01-07,4677.0277
2022-01-10,4670.2904
2022-01-11,4713.0673
2022-01-12,4726.3457
2022-01-13,4659.0255
2022-01-14,4662.8541
2022-01-18,4577.1084
2022-01-19,4532.7596
2022-01-20,4482.7276
2022-01-21,4397.9392
2022-01-24,4410.1274
2022-01-25,4356.4539
2022-01-26,4349.9286
2022-01-27,4326.5137
2022-01-28,4431.8491
2022-01-31,4515.5476
2022-02-01,4546.539
2022-02-02,4589.3766
2022-02-03,4477.442
2022-02-04,4500.5315
2022-02-07,4483.8653
2022-02-08,4521.5389
2022-02-09,4587.1789
2022-02-10,4504.0848
2022-02-11,4418.6365
2022-02-14,4401.667
2022-02-15,4471.0742
2022-02-16,4475.0111
2022-02-17,4380.2586
2022-02-18,4348.8692
2022-02-22,4304.7576
2022-02-23,4225.5049
2022-02-24,4288.696
2022-02-25,4384.6545
2022-02-28,4373.9391
2022-03-01,4306.2589
2022-03-02,4386.5441
2022-03-03,4363.4867
2022-03-04,4328.8729
2022-03-07,4201.0878
2022-03-08,4170.7041
2022-03-09,4277.8801
2022-03-10,4259.525
2022-03-11,4204.3119
2022-03-14,4173.1117
2022-03-15,4262.4456
2022-03-16,4357.8571
2022-03-17,4411.6676
2022-03-18,4463.1176
2022-03-21,4461.1801
2022-03-22,4511.6062
2022-03-23,4456.236
2022-03-24,4520.1615
2022-03-25,4543.0564
2022-03-28,4575.5163
2022-03-29,4631.6049
2022-03-30,4602.4486
2022-03-31,4530.4135
2022-04-01,4545.8555
2022-04-04,4582.6361
2022-04-05,4525.1221
2022-04-06,4481.1533
2022-04-07,4500.2094
2022-04-08,4488.2818
2022-04-11,4412.5288
2022-04-12,4397.4472
2022-04-13,4446.5918
2022-04-14,4392.5877
2022-04-18,4391.6904
2022-04-19,4462.2101
2022-04-20,4459.4503
2022-04-21,4393.6635
2022-04-22,4271.7756
2022-04-25,4296.1165
2022-04-26,4175.1973
2022-04-27,4183.9553
2022-04-28,4287.5011
2022-04-29,4131.9264
2022-05-02,4155.3776
2022-05-03,4175.4757
2022-05-04,4300.1738
2022-05-05,4146.8676
2022-05-06,4123.3357
2022-05-09,3991.2374
2022-05-10,4001.0547
2022-05-11,3935.1846
2022-05-12,3930.0819
2022-05-13,4023.8913
2022-05-16,4008.0105
2022-05-17,4088.8504
2022-05-18,3923.6798
2022-05-19,3900.7869
2022-05-20,3901.3606
2022-05-23,3973.7516
2022-05-24,3941.4769
2022-05-25,3978.7327
2022-05-26,4057.8408
2022-05-27,4158.2384
2022-05-31,4132.1478
2022-06-01,4101.2298
2022-06-02,4176.8179
2022-06-03,4108.5354
2022-06-06,4121.4294
2022-06-07,4160.6833
2022-06-08,4115.7725
2022-06-09,4017.8185
2022-06-10,3900.8645
2022-06-13,3749.6273
2022-06-14,3735.4831
2022-06-15,3789.9863
2022-06-16,3666.7675
2022-06-17,3674.8414
2022-06-21,3764.788
2022-06-22,3759.8931
2022-06-23,3795.7274
2022-06-24,3911.7439
2022-06-27,3900.1141
2022-06-28,3821.5459
2022-06-29,3818.8327
2022-06-30,3785.3848
2022-07-01,3825.3261
2022-07-05,3831.3904
2022-07-06,3845.0812
2022-07-07,3902.6225
2022-07-08,3899.3771
2022-07-11,3854.4333
2022-07-12,3818.7978
2022-07-13,3801.7806
2022-07-14,3790.3774
2022-07-15,3863.1628
2022-07-18,3830.8529
2022-07-19,3936.6895
2022-07-20,3959.8987
2022-07-21,3998.9514
2022-07-22,3961.6349
2022-07-25,3966.845
2022-07-26,3921.0496
2022-07-27,4023.6124
2022-07-28,4072.4343
2022-07-29,4130.2858
2022-08-01,4118.6296
2022-08-02,4091.1851
2022-08-03,4155.1727
2022-08-04,4151.9442
2022-08-05,4145.1891
2022-08-08,4140.0584
2022-08-09,4122.4659
2022-08-10,4210.2405
2022-08-11,4207.2744
2022-08-12,4280.1505
2022-08-15,4297.1435
2022-08-16,4305.1993
2022-08-17,4274.0387
2022-08-18,4283.7428
2022-08-19,4228.4785
2022-08-22,4137.9854
2022-08-23,4128.7286
2022-08-24,4140.7684
2022-08-25,4199.1196
2022-08-26,4057.6631
2022-08-29,4030.613
2022-08-30,3986.1619
2022-08-31,3954.999
2022-09-01,3966.8503
2022-09-02,3924.2596
2022-09-06,3908.19
2022-09-07,3979.8749
2022-09-08,4006.1791
2022-09-09,4067.3623
2022-09-12,4110.4081
2022-09-13,3932.6933
2022-09-14,3946.0124
2022-09-15,3901.3528
2022-09-16,3873.3343
2022-09-19,3899.8859
2022-09-20,3855.9343
2022-09-21,3789.9327
2022-09-22,3757.9912
2022-09-23,3693.2335
2022-09-26,3655.0422
2022-09-27,3647.2899
2022-09-28,3719.0387
2022-09-29,3640.4681
2022-09-30,3585.6241
2022-10-03,3678.4288
2022-10-04,3790.9289
2022-10-05,3783.2814
2022-10-06,3744.5198
2022-10-07,3639.66
2022-10-10,3612.3875
2022-10-11,3588.8419
2022-10-12,3577.0317
2022-10-13,3669.9057
2022-10-14,3583.0691
2022-10-17,3677.9538
2022-10-18,3719.9827
2022-10-19,3695.1551
2022-10-20,3665.7803
2022-10-21,3752.7479
2022-10-24,3797.3378
2022-10-25,3859.1135
2022-10-26,3830.5959
2022-10-27,3807.2981
2022-10-28,3901.0638
2022-10-31,3871.9772
2022-11-01,3856.1018
2022-11-02,3759.6905
2022-11-03,3719.8933
2022-11-04,3770.5464
2022-11-07,3806.805
2022-11-08,3828.1081
2022-11-09,3748.5726
2022-11-10,3956.3703
2022-11-11,3992.9277
2022-11-14,3957.253
2022-11-15,3991.7333
2022-11-16,3958.7934
2022-11-17,3946.558
2022-11-18,3965.3393
2022-11-21,3949.9372
2022-11-22,4003.5784
2022-11-23,4027.2622
2022-11-25,4026.1155
2022-11-28,3963.9419
2022-11-29,3957.6259
2022-11-30,4080.1066
2022-12-01,4076.5665
2022-12-02,4071.7
2022-12-05,3998.8401
2022-12-06,3941.26
2022-12-07,3933.9239
2022-12-08,3963.5117
2022-12-09,3934.3765
2022-12-12,3990.5575
2022-12-13,4019.6544
2022-12-14,3995.3187
2022-12-15,3895.7533
2022-12-16,3852.3636
2022-12-19,3817.6582
2022-12-20,3821.6194
2022-12-21,3878.44
2022-12-22,3822.3867
2022-12-23,3844.815
2022-12-27,3829.2493
2022-12-28,3783.2219
2022-12-29,3849.2832
2022-12-30,3839.4966
2023-01-03,3824.1382
2023-01-04,3852.9656
2023-01-05,3808.1029
2023-01-06,3895.0756
2023-01-09,3892.091
2023-01-10,3919.2534
2023-01-11,3969.6141
2023-01-12,3983.1665
2023-01-13,3999.0908
2023-01-17,3990.9701
2023-01-18,3928.8623
2023-01-19,3898.8548
2023-01-20,3972.6105
2023-01-23,4019.8141
2023-01-24,4016.9497
2023-01-25,4016.2192
2023-01-26,4060.4274
2023-01-27,4070.5583
2023-01-30,4017.7726
2023-01-31,4076.6038
2023-02-01,4119.2104
2023-02-02,4179.7556
2023-02-03,4136.4816
2023-02-06,4111.0809
2023-02-07,4163.9996
2023-02-08,4117.8648
2023-02-09,4081.5046
2023-02-10,4090.462
2023-02-13,4137.2871
2023-02-14,4136.133
2023-02-15,4147.6029
2023-02-16,4090.409
2023-02-17,4079.0947
2023-02-21,3997.3368
2023-02-22,3991.0477
2023-02-23,4012.3232
2023-02-24,3970.0368
2023-02-27,3982.2403
2023-02-28,3970.1534
2023-03-01,3951.3943
2023-03-02,3981.3523
2023-03-03,4045.6376
2023-03-06,4048.4178
2023-03-07,3986.3728
2023-03-08,3992.0132
2023-03-09,3918.3214
2023-03-10,3861.5899
2023-03-13,3855.7619
2023-03-14,3919.287
2023-03-15,3891.9267
2023-03-16,3960.2811
2023-03-17,3916.6372
2023-03-20,3951.5689
2023-03-21,4002.8735
2023-03-22,3936.9714
2023-03-23,3948.7237
2023-03-24,3970.9864
2023-03-27,3977.5282
2023-03-28,3971.2702
2023-03-29,4027.8118
2023-03-30,4050.8291
2023-03-31,4109.3124
2023-04-03,4124.506
2023-04-04,4100.599
2023-04-05,4090.3753
2023-04-06,4105.0187
2023-04-10,4109.1124
2023-04-11,4108.941
2023-04-12,4091.9541
2023-04-13,4146.2161
2023-04-14,4137.6387
2023-04-17,4151.3224
2023-04-18,4154.8701
2023-04-19,4154.519
2023-04-20,4129.7924
2023-04-21,4133.5213
2023-04-24,4137.0446
2023-04-25,4071.6304
2023-04-26,4055.9878
2023-04-27,4135.3522
2023-04-28,4169.4814
2023-05-01,4167.8669
2023-05-02,4119.5804
2023-05-03,4090.7522
2023-05-04,4061.2169
2023-05-05,4136.2534
2023-05-08,4138.123
2023-05-09,4119.1734
2023-05-10,4137.6422
2023-05-11,4130.6213
2023-05-12,4124.081
2023-05-15,4136.2842
2023-05-16,4109.897
2023-05-17,4158.7708
2023-05-18,4198.0509
2023-05-19,4191.9798
2023-05-22,4192.6307
2023-05-23,4145.5752
2023-05-24,4115.2386
2023-05-25,4151.2799
2023-05-26,4205.4525
2023-05-30,4205.5207
2023-05-31,4179.8255
2023-06-01,4221.0202
2023-06-02,4282.3656
2023-06-05,4273.7942
2023-06-06,4283.8484
2023-06-07,4267.5185
2023-06-08,4293.9278
2023-06-09,4298.8573
2023-06-12,4338.9344
2023-06-13,4369.0064
2023-06-14,4372.5894
2023-06-15,4425.8443
2023-06-16,4409.5944
2023-06-20,4388.7098
2023-06-21,4365.6898
2023-06-22,4381.8905
2023-06-23,4348.3307
2023-06-26,4328.8216
2023-06-27,4378.4053
2023-06-28,4376.8637
2023-06-29,4396.4434
2023-06-30,4450.3813
2023-07-03,4455.5939
2023-07-05,4446.8248
2023-07-06,4411.5907
2023-07-07,4398.9527
2023-07-10,4409.5258
2023-07-11,4439.2563
2023-07-12,4472.1603
2023-07-13,4510.0418
2023-07-14,4505.4203
2023-07-17,4522.7931
2023-07-18,4554.9769
2023-07-19,4565.7167
2023-07-20,4534.8676
2023-07-21,4536.3385
2023-07-24,4554.6424
2023-07-25,4567.4637
2023-07-26,4566.7517
2023-07-27,4537.4119
2023-07-28,4582.2313
2023-07-31,4588.9611
2023-08-01,4576.7292
2023-08-02,4513.3939
2023-08-03,4501.8857
2023-08-04,4478.0338
2023-08-07,4518.4434
2023-08-08,4499.3773
2023-08-09,4467.7141
2023-08-10,4468.8348
2023-08-11,4464.0546
2023-08-14,4489.7183
2023-08-15,4437.859
2023-08-16,4404.3335
2023-08-17,4370.3601
2023-08-18,4369.7115
2023-08-21,4399.7691
2023-08-22,4387.5487
2023-08-23,4436.0117
2023-08-24,4376.3149
2023-08-25,4405.7057
2023-08-28,4433.3056
2023-08-29,4497.6317
2023-08-30,4514.8653
2023-08-31,4507.6618
2023-09-01,4515.7674
2023-09-05,4496.8273
2023-09-06,4465.4848
2023-09-07,4451.138
2023-09-08,4457.4893
2023-09-11,4487.4639
2023-09-12,4461.9049
2023-09-13,4467.4419
2023-09-14,4505.0963
2023-09-15,4450.3163
2023-09-18,4453.5338
2023-09-19,4443.9475
2023-09-20,4402.2035
2023-09-21,4330.0049
2023-09-22,4320.0571
2023-09-25,4337.445
2023-09-26,4273.5283
2023-09-27,4274.5094
2023-09-28,4299.702
2023-09-29,4288.0541
2023-10-02,4288.3907
2023-10-03,4229.453
2023-10-04,4263.7511
2023-10-05,4258.1858
2023-10-06,4308.5023
2023-10-09,4335.6575
2023-10-10,4358.2379
2023-10-11,4376.9452
2023-10-12,4349.6058
2023-10-13,4327.783
2023-10-16,4373.6348
2023-10-17,4373.196
2023-10-18,4314.6007
2023-10-19,4277.9974
2023-10-20,4224.1595
2023-10-23,4217.0434
2023-10-24,4247.6768
2023-10-25,4186.7652
2023-10-26,4137.2308
2023-10-27,4117.3738
2023-10-30,4166.8151
2023-10-31,4193.801
2023-11-01,4237.856
